id,firstname,lastname,email,age
100,Wileen,Fink,Wileen.Fink@yopmail.com,9
101,Angelique,Presber,Angelique.Presber@yopmail.com,10
102,Jacquetta,Tippets,Jacquetta.Tippets@yopmail.com,3
103,Corina,Fry,Corina.Fry@yopmail.com,2
104,Ekaterina,Barrus,Ekaterina.Barrus@yopmail.com,9
105,Albertina,Zamora,Albertina.Zamora@yopmail.com,9
106,Joleen,Eliathas,Joleen.Eliathas@yopmail.com,2
107,Amara,Joachim,Amara.Joachim@yopmail.com,1
108,Ana,Bennie,Ana.Bennie@yopmail.com,10
109,Jordan,Ochs,Jordan.Ochs@yopmail.com,7
110,Roseline,Parsaye,Roseline.Parsaye@yopmail.com,6
111,Lorenza,Noam,Lorenza.Noam@yopmail.com,5
112,Bobinette,Etom,Bobinette.Etom@yopmail.com,10
113,Molli,Kannry,Molli.Kannry@yopmail.com,7
114,Belva,Abbot,Belva.Abbot@yopmail.com,10
115,Misha,Schroth,Misha.Schroth@yopmail.com,1
116,Jeanna,Kazimir,Jeanna.Kazimir@yopmail.com,8
117,Merle,Belldas,Merle.Belldas@yopmail.com,1
118,Vere,Morehouse,Vere.Morehouse@yopmail.com,3
119,Dale,Gilmour,Dale.Gilmour@yopmail.com,10
120,Rebeca,Charity,Rebeca.Charity@yopmail.com,2
121,Leontine,Himelman,Leontine.Himelman@yopmail.com,5
122,Sheree,Standing,Sheree.Standing@yopmail.com,2
123,Rori,Luhe,Rori.Luhe@yopmail.com,7
124,Konstance,Haymes,Konstance.Haymes@yopmail.com,9
125,Joelly,Simmonds,Joelly.Simmonds@yopmail.com,7
126,Ida,Rocray,Ida.Rocray@yopmail.com,8
127,Kalina,Miru,Kalina.Miru@yopmail.com,5
128,Lenna,Tiffa,Lenna.Tiffa@yopmail.com,4
129,Moyna,Fiester,Moyna.Fiester@yopmail.com,10
130,Rochette,Rosalba,Rochette.Rosalba@yopmail.com,7
131,Therine,Ardeha,Therine.Ardeha@yopmail.com,10
132,Shandie,Dawkins,Shandie.Dawkins@yopmail.com,8
133,Alleen,Garek,Alleen.Garek@yopmail.com,9
134,Nadine,Dudley,Nadine.Dudley@yopmail.com,4
135,Dianemarie,Dearborn,Dianemarie.Dearborn@yopmail.com,4
136,Jolyn,Byrne,Jolyn.Byrne@yopmail.com,3
137,Cordi,Janene,Cordi.Janene@yopmail.com,9
138,Joleen,Maurine,Joleen.Maurine@yopmail.com,6
139,Renie,Monaco,Renie.Monaco@yopmail.com,6
140,Barbara,Whiffen,Barbara.Whiffen@yopmail.com,5
141,Kellen,Oscar,Kellen.Oscar@yopmail.com,8
142,Debee,Eno,Debee.Eno@yopmail.com,8
143,Nariko,Maribeth,Nariko.Maribeth@yopmail.com,4
144,Concettina,Boycey,Concettina.Boycey@yopmail.com,6
145,Leeanne,Sholley,Leeanne.Sholley@yopmail.com,10
146,Berta,Holtz,Berta.Holtz@yopmail.com,9
147,Stacey,Seessel,Stacey.Seessel@yopmail.com,3
148,Sarette,Radu,Sarette.Radu@yopmail.com,6
149,Tamqrah,Turne,Tamqrah.Turne@yopmail.com,6
100,Wileen,Fink,Wileen.Fink@yopmail.com,9
101,Angelique,Presber,Angelique.Presber@yopmail.com,10
102,Jacquetta,Tippets,Jacquetta.Tippets@yopmail.com,3
103,Corina,Fry,Corina.Fry@yopmail.com,2
104,Ekaterina,Barrus,Ekaterina.Barrus@yopmail.com,9
105,Albertina,Zamora,Albertina.Zamora@yopmail.com,9
106,Joleen,Eliathas,Joleen.Eliathas@yopmail.com,2
107,Amara,Joachim,Amara.Joachim@yopmail.com,1
108,Ana,Bennie,Ana.Bennie@yopmail.com,10
109,Jordan,Ochs,Jordan.Ochs@yopmail.com,7
110,Roseline,Parsaye,Roseline.Parsaye@yopmail.com,6
111,Lorenza,Noam,Lorenza.Noam@yopmail.com,5
112,Bobinette,Etom,Bobinette.Etom@yopmail.com,10
113,Molli,Kannry,Molli.Kannry@yopmail.com,7
114,Belva,Abbot,Belva.Abbot@yopmail.com,10
115,Misha,Schroth,Misha.Schroth@yopmail.com,1
116,Jeanna,Kazimir,Jeanna.Kazimir@yopmail.com,8
117,Merle,Belldas,Merle.Belldas@yopmail.com,1
118,Vere,Morehouse,Vere.Morehouse@yopmail.com,3
119,Dale,Gilmour,Dale.Gilmour@yopmail.com,10
120,Rebeca,Charity,Rebeca.Charity@yopmail.com,2
121,Leontine,Himelman,Leontine.Himelman@yopmail.com,5
122,Sheree,Standing,Sheree.Standing@yopmail.com,2
123,Rori,Luhe,Rori.Luhe@yopmail.com,7
124,Konstance,Haymes,Konstance.Haymes@yopmail.com,9
125,Joelly,Simmonds,Joelly.Simmonds@yopmail.com,7
126,Ida,Rocray,Ida.Rocray@yopmail.com,8
127,Kalina,Miru,Kalina.Miru@yopmail.com,5
128,Lenna,Tiffa,Lenna.Tiffa@yopmail.com,4
129,Moyna,Fiester,Moyna.Fiester@yopmail.com,10
130,Rochette,Rosalba,Rochette.Rosalba@yopmail.com,7
131,Therine,Ardeha,Therine.Ardeha@yopmail.com,10
132,Shandie,Dawkins,Shandie.Dawkins@yopmail.com,8
133,Alleen,Garek,Alleen.Garek@yopmail.com,9
134,Nadine,Dudley,Nadine.Dudley@yopmail.com,4
135,Dianemarie,Dearborn,Dianemarie.Dearborn@yopmail.com,4
136,Jolyn,Byrne,Jolyn.Byrne@yopmail.com,3
137,Cordi,Janene,Cordi.Janene@yopmail.com,9
138,Joleen,Maurine,Joleen.Maurine@yopmail.com,6
139,Renie,Monaco,Renie.Monaco@yopmail.com,6
140,Barbara,Whiffen,Barbara.Whiffen@yopmail.com,5
141,Kellen,Oscar,Kellen.Oscar@yopmail.com,8
142,Debee,Eno,Debee.Eno@yopmail.com,8
143,Nariko,Maribeth,Nariko.Maribeth@yopmail.com,4
144,Concettina,Boycey,Concettina.Boycey@yopmail.com,6
145,Leeanne,Sholley,Leeanne.Sholley@yopmail.com,10
146,Berta,Holtz,Berta.Holtz@yopmail.com,9
147,Stacey,Seessel,Stacey.Seessel@yopmail.com,3
148,Sarette,Radu,Sarette.Radu@yopmail.com,6
149,Tamqrah,Turne,Tamqrah.Turne@yopmail.com,6
100,Wileen,Fink,Wileen.Fink@yopmail.com,9
101,Angelique,Presber,Angelique.Presber@yopmail.com,10
102,Jacquetta,Tippets,Jacquetta.Tippets@yopmail.com,3
103,Corina,Fry,Corina.Fry@yopmail.com,2
104,Ekaterina,Barrus,Ekaterina.Barrus@yopmail.com,9
105,Albertina,Zamora,Albertina.Zamora@yopmail.com,9
106,Joleen,Eliathas,Joleen.Eliathas@yopmail.com,2
107,Amara,Joachim,Amara.Joachim@yopmail.com,1
108,Ana,Bennie,Ana.Bennie@yopmail.com,10
109,Jordan,Ochs,Jordan.Ochs@yopmail.com,7
110,Roseline,Parsaye,Roseline.Parsaye@yopmail.com,6
111,Lorenza,Noam,Lorenza.Noam@yopmail.com,5
112,Bobinette,Etom,Bobinette.Etom@yopmail.com,10
113,Molli,Kannry,Molli.Kannry@yopmail.com,7
114,Belva,Abbot,Belva.Abbot@yopmail.com,10
115,Misha,Schroth,Misha.Schroth@yopmail.com,1
116,Jeanna,Kazimir,Jeanna.Kazimir@yopmail.com,8
117,Merle,Belldas,Merle.Belldas@yopmail.com,1
118,Vere,Morehouse,Vere.Morehouse@yopmail.com,3
119,Dale,Gilmour,Dale.Gilmour@yopmail.com,10
120,Rebeca,Charity,Rebeca.Charity@yopmail.com,2
121,Leontine,Himelman,Leontine.Himelman@yopmail.com,5
122,Sheree,Standing,Sheree.Standing@yopmail.com,2
123,Rori,Luhe,Rori.Luhe@yopmail.com,7
124,Konstance,Haymes,Konstance.Haymes@yopmail.com,9
125,Joelly,Simmonds,Joelly.Simmonds@yopmail.com,7
126,Ida,Rocray,Ida.Rocray@yopmail.com,8
127,Kalina,Miru,Kalina.Miru@yopmail.com,5
128,Lenna,Tiffa,Lenna.Tiffa@yopmail.com,4
129,Moyna,Fiester,Moyna.Fiester@yopmail.com,10
130,Rochette,Rosalba,Rochette.Rosalba@yopmail.com,7
131,Therine,Ardeha,Therine.Ardeha@yopmail.com,10
132,Shandie,Dawkins,Shandie.Dawkins@yopmail.com,8
133,Alleen,Garek,Alleen.Garek@yopmail.com,9
134,Nadine,Dudley,Nadine.Dudley@yopmail.com,4
135,Dianemarie,Dearborn,Dianemarie.Dearborn@yopmail.com,4
136,Jolyn,Byrne,Jolyn.Byrne@yopmail.com,3
137,Cordi,Janene,Cordi.Janene@yopmail.com,9
138,Joleen,Maurine,Joleen.Maurine@yopmail.com,6
139,Renie,Monaco,Renie.Monaco@yopmail.com,6
140,Barbara,Whiffen,Barbara.Whiffen@yopmail.com,5
141,Kellen,Oscar,Kellen.Oscar@yopmail.com,8
142,Debee,Eno,Debee.Eno@yopmail.com,8
143,Nariko,Maribeth,Nariko.Maribeth@yopmail.com,4
144,Concettina,Boycey,Concettina.Boycey@yopmail.com,6
145,Leeanne,Sholley,Leeanne.Sholley@yopmail.com,10
146,Berta,Holtz,Berta.Holtz@yopmail.com,9
147,Stacey,Seessel,Stacey.Seessel@yopmail.com,3
148,Sarette,Radu,Sarette.Radu@yopmail.com,6
149,Tamqrah,Turne,Tamqrah.Turne@yopmail.com,6
100,Wileen,Fink,Wileen.Fink@yopmail.com,9
101,Angelique,Presber,Angelique.Presber@yopmail.com,10
102,Jacquetta,Tippets,Jacquetta.Tippets@yopmail.com,3
103,Corina,Fry,Corina.Fry@yopmail.com,2
104,Ekaterina,Barrus,Ekaterina.Barrus@yopmail.com,9
105,Albertina,Zamora,Albertina.Zamora@yopmail.com,9
106,Joleen,Eliathas,Joleen.Eliathas@yopmail.com,2
107,Amara,Joachim,Amara.Joachim@yopmail.com,1
108,Ana,Bennie,Ana.Bennie@yopmail.com,10
109,Jordan,Ochs,Jordan.Ochs@yopmail.com,7
110,Roseline,Parsaye,Roseline.Parsaye@yopmail.com,6
111,Lorenza,Noam,Lorenza.Noam@yopmail.com,5
112,Bobinette,Etom,Bobinette.Etom@yopmail.com,10
113,Molli,Kannry,Molli.Kannry@yopmail.com,7
114,Belva,Abbot,Belva.Abbot@yopmail.com,10
115,Misha,Schroth,Misha.Schroth@yopmail.com,1
116,Jeanna,Kazimir,Jeanna.Kazimir@yopmail.com,8
117,Merle,Belldas,Merle.Belldas@yopmail.com,1
118,Vere,Morehouse,Vere.Morehouse@yopmail.com,3
119,Dale,Gilmour,Dale.Gilmour@yopmail.com,10
120,Rebeca,Charity,Rebeca.Charity@yopmail.com,2
121,Leontine,Himelman,Leontine.Himelman@yopmail.com,5
122,Sheree,Standing,Sheree.Standing@yopmail.com,2
123,Rori,Luhe,Rori.Luhe@yopmail.com,7
124,Konstance,Haymes,Konstance.Haymes@yopmail.com,9
125,Joelly,Simmonds,Joelly.Simmonds@yopmail.com,7
126,Ida,Rocray,Ida.Rocray@yopmail.com,8
127,Kalina,Miru,Kalina.Miru@yopmail.com,5
128,Lenna,Tiffa,Lenna.Tiffa@yopmail.com,4
129,Moyna,Fiester,Moyna.Fiester@yopmail.com,10
130,Rochette,Rosalba,Rochette.Rosalba@yopmail.com,7
131,Therine,Ardeha,Therine.Ardeha@yopmail.com,10
132,Shandie,Dawkins,Shandie.Dawkins@yopmail.com,8
133,Alleen,Garek,Alleen.Garek@yopmail.com,9
134,Nadine,Dudley,Nadine.Dudley@yopmail.com,4
135,Dianemarie,Dearborn,Dianemarie.Dearborn@yopmail.com,4
136,Jolyn,Byrne,Jolyn.Byrne@yopmail.com,3
137,Cordi,Janene,Cordi.Janene@yopmail.com,9
138,Joleen,Maurine,Joleen.Maurine@yopmail.com,6
139,Renie,Monaco,Renie.Monaco@yopmail.com,6
140,Barbara,Whiffen,Barbara.Whiffen@yopmail.com,5
141,Kellen,Oscar,Kellen.Oscar@yopmail.com,8
142,Debee,Eno,Debee.Eno@yopmail.com,8
143,Nariko,Maribeth,Nariko.Maribeth@yopmail.com,4
144,Concettina,Boycey,Concettina.Boycey@yopmail.com,6
145,Leeanne,Sholley,Leeanne.Sholley@yopmail.com,10
146,Berta,Holtz,Berta.Holtz@yopmail.com,9
147,Stacey,Seessel,Stacey.Seessel@yopmail.com,3
148,Sarette,Radu,Sarette.Radu@yopmail.com,6
149,Tamqrah,Turne,Tamqrah.Turne@yopmail.com,6100,Wileen,Fink,Wileen.Fink@yopmail.com,9
101,Angelique,Presber,Angelique.Presber@yopmail.com,10
102,Jacquetta,Tippets,Jacquetta.Tippets@yopmail.com,3
103,Corina,Fry,Corina.Fry@yopmail.com,2
104,Ekaterina,Barrus,Ekaterina.Barrus@yopmail.com,9
105,Albertina,Zamora,Albertina.Zamora@yopmail.com,9
106,Joleen,Eliathas,Joleen.Eliathas@yopmail.com,2
107,Amara,Joachim,Amara.Joachim@yopmail.com,1
108,Ana,Bennie,Ana.Bennie@yopmail.com,10
109,Jordan,Ochs,Jordan.Ochs@yopmail.com,7
110,Roseline,Parsaye,Roseline.Parsaye@yopmail.com,6
111,Lorenza,Noam,Lorenza.Noam@yopmail.com,5
112,Bobinette,Etom,Bobinette.Etom@yopmail.com,10
113,Molli,Kannry,Molli.Kannry@yopmail.com,7
114,Belva,Abbot,Belva.Abbot@yopmail.com,10
115,Misha,Schroth,Misha.Schroth@yopmail.com,1
116,Jeanna,Kazimir,Jeanna.Kazimir@yopmail.com,8
117,Merle,Belldas,Merle.Belldas@yopmail.com,1
118,Vere,Morehouse,Vere.Morehouse@yopmail.com,3
119,Dale,Gilmour,Dale.Gilmour@yopmail.com,10
120,Rebeca,Charity,Rebeca.Charity@yopmail.com,2
121,Leontine,Himelman,Leontine.Himelman@yopmail.com,5
122,Sheree,Standing,Sheree.Standing@yopmail.com,2
123,Rori,Luhe,Rori.Luhe@yopmail.com,7
124,Konstance,Haymes,Konstance.Haymes@yopmail.com,9
125,Joelly,Simmonds,Joelly.Simmonds@yopmail.com,7
126,Ida,Rocray,Ida.Rocray@yopmail.com,8
127,Kalina,Miru,Kalina.Miru@yopmail.com,5
128,Lenna,Tiffa,Lenna.Tiffa@yopmail.com,4
129,Moyna,Fiester,Moyna.Fiester@yopmail.com,10
130,Rochette,Rosalba,Rochette.Rosalba@yopmail.com,7
131,Therine,Ardeha,Therine.Ardeha@yopmail.com,10
132,Shandie,Dawkins,Shandie.Dawkins@yopmail.com,8
133,Alleen,Garek,Alleen.Garek@yopmail.com,9
134,Nadine,Dudley,Nadine.Dudley@yopmail.com,4
135,Dianemarie,Dearborn,Dianemarie.Dearborn@yopmail.com,4
136,Jolyn,Byrne,Jolyn.Byrne@yopmail.com,3
137,Cordi,Janene,Cordi.Janene@yopmail.com,9
138,Joleen,Maurine,Joleen.Maurine@yopmail.com,6
139,Renie,Monaco,Renie.Monaco@yopmail.com,6
140,Barbara,Whiffen,Barbara.Whiffen@yopmail.com,5
141,Kellen,Oscar,Kellen.Oscar@yopmail.com,8
142,Debee,Eno,Debee.Eno@yopmail.com,8
143,Nariko,Maribeth,Nariko.Maribeth@yopmail.com,4
144,Concettina,Boycey,Concettina.Boycey@yopmail.com,6
145,Leeanne,Sholley,Leeanne.Sholley@yopmail.com,10
146,Berta,Holtz,Berta.Holtz@yopmail.com,9
147,Stacey,Seessel,Stacey.Seessel@yopmail.com,3
148,Sarette,Radu,Sarette.Radu@yopmail.com,6
149,Tamqrah,Turne,Tamqrah.Turne@yopmail.com,6100,Wileen,Fink,Wileen.Fink@yopmail.com,9
101,Angelique,Presber,Angelique.Presber@yopmail.com,10
102,Jacquetta,Tippets,Jacquetta.Tippets@yopmail.com,3
103,Corina,Fry,Corina.Fry@yopmail.com,2
104,Ekaterina,Barrus,Ekaterina.Barrus@yopmail.com,9
105,Albertina,Zamora,Albertina.Zamora@yopmail.com,9
106,Joleen,Eliathas,Joleen.Eliathas@yopmail.com,2
107,Amara,Joachim,Amara.Joachim@yopmail.com,1
108,Ana,Bennie,Ana.Bennie@yopmail.com,10
109,Jordan,Ochs,Jordan.Ochs@yopmail.com,7
110,Roseline,Parsaye,Roseline.Parsaye@yopmail.com,6
111,Lorenza,Noam,Lorenza.Noam@yopmail.com,5
112,Bobinette,Etom,Bobinette.Etom@yopmail.com,10
113,Molli,Kannry,Molli.Kannry@yopmail.com,7
114,Belva,Abbot,Belva.Abbot@yopmail.com,10
115,Misha,Schroth,Misha.Schroth@yopmail.com,1
116,Jeanna,Kazimir,Jeanna.Kazimir@yopmail.com,8
117,Merle,Belldas,Merle.Belldas@yopmail.com,1
118,Vere,Morehouse,Vere.Morehouse@yopmail.com,3
119,Dale,Gilmour,Dale.Gilmour@yopmail.com,10
120,Rebeca,Charity,Rebeca.Charity@yopmail.com,2
121,Leontine,Himelman,Leontine.Himelman@yopmail.com,5
122,Sheree,Standing,Sheree.Standing@yopmail.com,2
123,Rori,Luhe,Rori.Luhe@yopmail.com,7
124,Konstance,Haymes,Konstance.Haymes@yopmail.com,9
125,Joelly,Simmonds,Joelly.Simmonds@yopmail.com,7
126,Ida,Rocray,Ida.Rocray@yopmail.com,8
127,Kalina,Miru,Kalina.Miru@yopmail.com,5
128,Lenna,Tiffa,Lenna.Tiffa@yopmail.com,4
129,Moyna,Fiester,Moyna.Fiester@yopmail.com,10
130,Rochette,Rosalba,Rochette.Rosalba@yopmail.com,7
131,Therine,Ardeha,Therine.Ardeha@yopmail.com,10
132,Shandie,Dawkins,Shandie.Dawkins@yopmail.com,8
133,Alleen,Garek,Alleen.Garek@yopmail.com,9
134,Nadine,Dudley,Nadine.Dudley@yopmail.com,4
135,Dianemarie,Dearborn,Dianemarie.Dearborn@yopmail.com,4
136,Jolyn,Byrne,Jolyn.Byrne@yopmail.com,3
137,Cordi,Janene,Cordi.Janene@yopmail.com,9
138,Joleen,Maurine,Joleen.Maurine@yopmail.com,6
139,Renie,Monaco,Renie.Monaco@yopmail.com,6
140,Barbara,Whiffen,Barbara.Whiffen@yopmail.com,5
141,Kellen,Oscar,Kellen.Oscar@yopmail.com,8
142,Debee,Eno,Debee.Eno@yopmail.com,8
143,Nariko,Maribeth,Nariko.Maribeth@yopmail.com,4
144,Concettina,Boycey,Concettina.Boycey@yopmail.com,6
145,Leeanne,Sholley,Leeanne.Sholley@yopmail.com,10
146,Berta,Holtz,Berta.Holtz@yopmail.com,9
147,Stacey,Seessel,Stacey.Seessel@yopmail.com,3
148,Sarette,Radu,Sarette.Radu@yopmail.com,6
149,Tamqrah,Turne,Tamqrah.Turne@yopmail.com,6100,Wileen,Fink,Wileen.Fink@yopmail.com,9
101,Angelique,Presber,Angelique.Presber@yopmail.com,10
102,Jacquetta,Tippets,Jacquetta.Tippets@yopmail.com,3
103,Corina,Fry,Corina.Fry@yopmail.com,2
104,Ekaterina,Barrus,Ekaterina.Barrus@yopmail.com,9
105,Albertina,Zamora,Albertina.Zamora@yopmail.com,9
106,Joleen,Eliathas,Joleen.Eliathas@yopmail.com,2
107,Amara,Joachim,Amara.Joachim@yopmail.com,1
108,Ana,Bennie,Ana.Bennie@yopmail.com,10
109,Jordan,Ochs,Jordan.Ochs@yopmail.com,7
110,Roseline,Parsaye,Roseline.Parsaye@yopmail.com,6
111,Lorenza,Noam,Lorenza.Noam@yopmail.com,5
112,Bobinette,Etom,Bobinette.Etom@yopmail.com,10
113,Molli,Kannry,Molli.Kannry@yopmail.com,7
114,Belva,Abbot,Belva.Abbot@yopmail.com,10
115,Misha,Schroth,Misha.Schroth@yopmail.com,1
116,Jeanna,Kazimir,Jeanna.Kazimir@yopmail.com,8
117,Merle,Belldas,Merle.Belldas@yopmail.com,1
118,Vere,Morehouse,Vere.Morehouse@yopmail.com,3
119,Dale,Gilmour,Dale.Gilmour@yopmail.com,10
120,Rebeca,Charity,Rebeca.Charity@yopmail.com,2
121,Leontine,Himelman,Leontine.Himelman@yopmail.com,5
122,Sheree,Standing,Sheree.Standing@yopmail.com,2
123,Rori,Luhe,Rori.Luhe@yopmail.com,7
124,Konstance,Haymes,Konstance.Haymes@yopmail.com,9
125,Joelly,Simmonds,Joelly.Simmonds@yopmail.com,7
126,Ida,Rocray,Ida.Rocray@yopmail.com,8
127,Kalina,Miru,Kalina.Miru@yopmail.com,5
128,Lenna,Tiffa,Lenna.Tiffa@yopmail.com,4
129,Moyna,Fiester,Moyna.Fiester@yopmail.com,10
130,Rochette,Rosalba,Rochette.Rosalba@yopmail.com,7
131,Therine,Ardeha,Therine.Ardeha@yopmail.com,10
132,Shandie,Dawkins,Shandie.Dawkins@yopmail.com,8
133,Alleen,Garek,Alleen.Garek@yopmail.com,9
134,Nadine,Dudley,Nadine.Dudley@yopmail.com,4
135,Dianemarie,Dearborn,Dianemarie.Dearborn@yopmail.com,4
136,Jolyn,Byrne,Jolyn.Byrne@yopmail.com,3
137,Cordi,Janene,Cordi.Janene@yopmail.com,9
138,Joleen,Maurine,Joleen.Maurine@yopmail.com,6
139,Renie,Monaco,Renie.Monaco@yopmail.com,6
140,Barbara,Whiffen,Barbara.Whiffen@yopmail.com,5
141,Kellen,Oscar,Kellen.Oscar@yopmail.com,8
142,Debee,Eno,Debee.Eno@yopmail.com,8
143,Nariko,Maribeth,Nariko.Maribeth@yopmail.com,4
144,Concettina,Boycey,Concettina.Boycey@yopmail.com,6
145,Leeanne,Sholley,Leeanne.Sholley@yopmail.com,10
146,Berta,Holtz,Berta.Holtz@yopmail.com,9
147,Stacey,Seessel,Stacey.Seessel@yopmail.com,3
148,Sarette,Radu,Sarette.Radu@yopmail.com,6
149,Tamqrah,Turne,Tamqrah.Turne@yopmail.com,6100,Wileen,Fink,Wileen.Fink@yopmail.com,9
101,Angelique,Presber,Angelique.Presber@yopmail.com,10
102,Jacquetta,Tippets,Jacquetta.Tippets@yopmail.com,3
103,Corina,Fry,Corina.Fry@yopmail.com,2
104,Ekaterina,Barrus,Ekaterina.Barrus@yopmail.com,9
105,Albertina,Zamora,Albertina.Zamora@yopmail.com,9
106,Joleen,Eliathas,Joleen.Eliathas@yopmail.com,2
107,Amara,Joachim,Amara.Joachim@yopmail.com,1
108,Ana,Bennie,Ana.Bennie@yopmail.com,10
109,Jordan,Ochs,Jordan.Ochs@yopmail.com,7
110,Roseline,Parsaye,Roseline.Parsaye@yopmail.com,6
111,Lorenza,Noam,Lorenza.Noam@yopmail.com,5
112,Bobinette,Etom,Bobinette.Etom@yopmail.com,10
113,Molli,Kannry,Molli.Kannry@yopmail.com,7
114,Belva,Abbot,Belva.Abbot@yopmail.com,10
115,Misha,Schroth,Misha.Schroth@yopmail.com,1
116,Jeanna,Kazimir,Jeanna.Kazimir@yopmail.com,8
117,Merle,Belldas,Merle.Belldas@yopmail.com,1
118,Vere,Morehouse,Vere.Morehouse@yopmail.com,3
119,Dale,Gilmour,Dale.Gilmour@yopmail.com,10
120,Rebeca,Charity,Rebeca.Charity@yopmail.com,2
121,Leontine,Himelman,Leontine.Himelman@yopmail.com,5
122,Sheree,Standing,Sheree.Standing@yopmail.com,2
123,Rori,Luhe,Rori.Luhe@yopmail.com,7
124,Konstance,Haymes,Konstance.Haymes@yopmail.com,9
125,Joelly,Simmonds,Joelly.Simmonds@yopmail.com,7
126,Ida,Rocray,Ida.Rocray@yopmail.com,8
127,Kalina,Miru,Kalina.Miru@yopmail.com,5
128,Lenna,Tiffa,Lenna.Tiffa@yopmail.com,4
129,Moyna,Fiester,Moyna.Fiester@yopmail.com,10
130,Rochette,Rosalba,Rochette.Rosalba@yopmail.com,7
131,Therine,Ardeha,Therine.Ardeha@yopmail.com,10
132,Shandie,Dawkins,Shandie.Dawkins@yopmail.com,8
133,Alleen,Garek,Alleen.Garek@yopmail.com,9
134,Nadine,Dudley,Nadine.Dudley@yopmail.com,4
135,Dianemarie,Dearborn,Dianemarie.Dearborn@yopmail.com,4
136,Jolyn,Byrne,Jolyn.Byrne@yopmail.com,3
137,Cordi,Janene,Cordi.Janene@yopmail.com,9
138,Joleen,Maurine,Joleen.Maurine@yopmail.com,6
139,Renie,Monaco,Renie.Monaco@yopmail.com,6
140,Barbara,Whiffen,Barbara.Whiffen@yopmail.com,5
141,Kellen,Oscar,Kellen.Oscar@yopmail.com,8
142,Debee,Eno,Debee.Eno@yopmail.com,8
143,Nariko,Maribeth,Nariko.Maribeth@yopmail.com,4
144,Concettina,Boycey,Concettina.Boycey@yopmail.com,6
145,Leeanne,Sholley,Leeanne.Sholley@yopmail.com,10
146,Berta,Holtz,Berta.Holtz@yopmail.com,9
147,Stacey,Seessel,Stacey.Seessel@yopmail.com,3
148,Sarette,Radu,Sarette.Radu@yopmail.com,6
149,Tamqrah,Turne,Tamqrah.Turne@yopmail.com,6
100,Wileen,Fink,Wileen.Fink@yopmail.com,9
101,Angelique,Presber,Angelique.Presber@yopmail.com,10
102,Jacquetta,Tippets,Jacquetta.Tippets@yopmail.com,3
103,Corina,Fry,Corina.Fry@yopmail.com,2
104,Ekaterina,Barrus,Ekaterina.Barrus@yopmail.com,9
105,Albertina,Zamora,Albertina.Zamora@yopmail.com,9
106,Joleen,Eliathas,Joleen.Eliathas@yopmail.com,2
107,Amara,Joachim,Amara.Joachim@yopmail.com,1
108,Ana,Bennie,Ana.Bennie@yopmail.com,10
109,Jordan,Ochs,Jordan.Ochs@yopmail.com,7
110,Roseline,Parsaye,Roseline.Parsaye@yopmail.com,6
111,Lorenza,Noam,Lorenza.Noam@yopmail.com,5
112,Bobinette,Etom,Bobinette.Etom@yopmail.com,10
113,Molli,Kannry,Molli.Kannry@yopmail.com,7
114,Belva,Abbot,Belva.Abbot@yopmail.com,10
115,Misha,Schroth,Misha.Schroth@yopmail.com,1
116,Jeanna,Kazimir,Jeanna.Kazimir@yopmail.com,8
117,Merle,Belldas,Merle.Belldas@yopmail.com,1
118,Vere,Morehouse,Vere.Morehouse@yopmail.com,3
119,Dale,Gilmour,Dale.Gilmour@yopmail.com,10
120,Rebeca,Charity,Rebeca.Charity@yopmail.com,2
121,Leontine,Himelman,Leontine.Himelman@yopmail.com,5
122,Sheree,Standing,Sheree.Standing@yopmail.com,2
123,Rori,Luhe,Rori.Luhe@yopmail.com,7
124,Konstance,Haymes,Konstance.Haymes@yopmail.com,9
125,Joelly,Simmonds,Joelly.Simmonds@yopmail.com,7
126,Ida,Rocray,Ida.Rocray@yopmail.com,8
127,Kalina,Miru,Kalina.Miru@yopmail.com,5
128,Lenna,Tiffa,Lenna.Tiffa@yopmail.com,4
129,Moyna,Fiester,Moyna.Fiester@yopmail.com,10
130,Rochette,Rosalba,Rochette.Rosalba@yopmail.com,7
131,Therine,Ardeha,Therine.Ardeha@yopmail.com,10
132,Shandie,Dawkins,Shandie.Dawkins@yopmail.com,8
133,Alleen,Garek,Alleen.Garek@yopmail.com,9
134,Nadine,Dudley,Nadine.Dudley@yopmail.com,4
135,Dianemarie,Dearborn,Dianemarie.Dearborn@yopmail.com,4
136,Jolyn,Byrne,Jolyn.Byrne@yopmail.com,3
137,Cordi,Janene,Cordi.Janene@yopmail.com,9
138,Joleen,Maurine,Joleen.Maurine@yopmail.com,6
139,Renie,Monaco,Renie.Monaco@yopmail.com,6
140,Barbara,Whiffen,Barbara.Whiffen@yopmail.com,5
141,Kellen,Oscar,Kellen.Oscar@yopmail.com,8
142,Debee,Eno,Debee.Eno@yopmail.com,8
143,Nariko,Maribeth,Nariko.Maribeth@yopmail.com,4
144,Concettina,Boycey,Concettina.Boycey@yopmail.com,6
145,Leeanne,Sholley,Leeanne.Sholley@yopmail.com,10
146,Berta,Holtz,Berta.Holtz@yopmail.com,9
147,Stacey,Seessel,Stacey.Seessel@yopmail.com,3
148,Sarette,Radu,Sarette.Radu@yopmail.com,6
149,Tamqrah,Turne,Tamqrah.Turne@yopmail.com,6
100,Wileen,Fink,Wileen.Fink@yopmail.com,9
101,Angelique,Presber,Angelique.Presber@yopmail.com,10
102,Jacquetta,Tippets,Jacquetta.Tippets@yopmail.com,3
103,Corina,Fry,Corina.Fry@yopmail.com,2
104,Ekaterina,Barrus,Ekaterina.Barrus@yopmail.com,9
105,Albertina,Zamora,Albertina.Zamora@yopmail.com,9
106,Joleen,Eliathas,Joleen.Eliathas@yopmail.com,2
107,Amara,Joachim,Amara.Joachim@yopmail.com,1
108,Ana,Bennie,Ana.Bennie@yopmail.com,10
109,Jordan,Ochs,Jordan.Ochs@yopmail.com,7
110,Roseline,Parsaye,Roseline.Parsaye@yopmail.com,6
111,Lorenza,Noam,Lorenza.Noam@yopmail.com,5
112,Bobinette,Etom,Bobinette.Etom@yopmail.com,10
113,Molli,Kannry,Molli.Kannry@yopmail.com,7
114,Belva,Abbot,Belva.Abbot@yopmail.com,10
115,Misha,Schroth,Misha.Schroth@yopmail.com,1
116,Jeanna,Kazimir,Jeanna.Kazimir@yopmail.com,8
117,Merle,Belldas,Merle.Belldas@yopmail.com,1
118,Vere,Morehouse,Vere.Morehouse@yopmail.com,3
119,Dale,Gilmour,Dale.Gilmour@yopmail.com,10
120,Rebeca,Charity,Rebeca.Charity@yopmail.com,2
121,Leontine,Himelman,Leontine.Himelman@yopmail.com,5
122,Sheree,Standing,Sheree.Standing@yopmail.com,2
123,Rori,Luhe,Rori.Luhe@yopmail.com,7
124,Konstance,Haymes,Konstance.Haymes@yopmail.com,9
125,Joelly,Simmonds,Joelly.Simmonds@yopmail.com,7
126,Ida,Rocray,Ida.Rocray@yopmail.com,8
127,Kalina,Miru,Kalina.Miru@yopmail.com,5
128,Lenna,Tiffa,Lenna.Tiffa@yopmail.com,4
129,Moyna,Fiester,Moyna.Fiester@yopmail.com,10
130,Rochette,Rosalba,Rochette.Rosalba@yopmail.com,7
131,Therine,Ardeha,Therine.Ardeha@yopmail.com,10
132,Shandie,Dawkins,Shandie.Dawkins@yopmail.com,8
133,Alleen,Garek,Alleen.Garek@yopmail.com,9
134,Nadine,Dudley,Nadine.Dudley@yopmail.com,4
135,Dianemarie,Dearborn,Dianemarie.Dearborn@yopmail.com,4
136,Jolyn,Byrne,Jolyn.Byrne@yopmail.com,3
137,Cordi,Janene,Cordi.Janene@yopmail.com,9
138,Joleen,Maurine,Joleen.Maurine@yopmail.com,6
139,Renie,Monaco,Renie.Monaco@yopmail.com,6
140,Barbara,Whiffen,Barbara.Whiffen@yopmail.com,5
141,Kellen,Oscar,Kellen.Oscar@yopmail.com,8
142,Debee,Eno,Debee.Eno@yopmail.com,8
143,Nariko,Maribeth,Nariko.Maribeth@yopmail.com,4
144,Concettina,Boycey,Concettina.Boycey@yopmail.com,6
145,Leeanne,Sholley,Leeanne.Sholley@yopmail.com,10
146,Berta,Holtz,Berta.Holtz@yopmail.com,9
147,Stacey,Seessel,Stacey.Seessel@yopmail.com,3
148,Sarette,Radu,Sarette.Radu@yopmail.com,6
149,Tamqrah,Turne,Tamqrah.Turne@yopmail.com,6
100,Wileen,Fink,Wileen.Fink@yopmail.com,9
101,Angelique,Presber,Angelique.Presber@yopmail.com,10
102,Jacquetta,Tippets,Jacquetta.Tippets@yopmail.com,3
103,Corina,Fry,Corina.Fry@yopmail.com,2
104,Ekaterina,Barrus,Ekaterina.Barrus@yopmail.com,9
105,Albertina,Zamora,Albertina.Zamora@yopmail.com,9
106,Joleen,Eliathas,Joleen.Eliathas@yopmail.com,2
107,Amara,Joachim,Amara.Joachim@yopmail.com,1
108,Ana,Bennie,Ana.Bennie@yopmail.com,10
109,Jordan,Ochs,Jordan.Ochs@yopmail.com,7
110,Roseline,Parsaye,Roseline.Parsaye@yopmail.com,6
111,Lorenza,Noam,Lorenza.Noam@yopmail.com,5
112,Bobinette,Etom,Bobinette.Etom@yopmail.com,10
113,Molli,Kannry,Molli.Kannry@yopmail.com,7
114,Belva,Abbot,Belva.Abbot@yopmail.com,10
115,Misha,Schroth,Misha.Schroth@yopmail.com,1
116,Jeanna,Kazimir,Jeanna.Kazimir@yopmail.com,8
117,Merle,Belldas,Merle.Belldas@yopmail.com,1
118,Vere,Morehouse,Vere.Morehouse@yopmail.com,3
119,Dale,Gilmour,Dale.Gilmour@yopmail.com,10
120,Rebeca,Charity,Rebeca.Charity@yopmail.com,2
121,Leontine,Himelman,Leontine.Himelman@yopmail.com,5
122,Sheree,Standing,Sheree.Standing@yopmail.com,2
123,Rori,Luhe,Rori.Luhe@yopmail.com,7
124,Konstance,Haymes,Konstance.Haymes@yopmail.com,9
125,Joelly,Simmonds,Joelly.Simmonds@yopmail.com,7
126,Ida,Rocray,Ida.Rocray@yopmail.com,8
127,Kalina,Miru,Kalina.Miru@yopmail.com,5
128,Lenna,Tiffa,Lenna.Tiffa@yopmail.com,4
129,Moyna,Fiester,Moyna.Fiester@yopmail.com,10
130,Rochette,Rosalba,Rochette.Rosalba@yopmail.com,7
131,Therine,Ardeha,Therine.Ardeha@yopmail.com,10
132,Shandie,Dawkins,Shandie.Dawkins@yopmail.com,8
133,Alleen,Garek,Alleen.Garek@yopmail.com,9
134,Nadine,Dudley,Nadine.Dudley@yopmail.com,4
135,Dianemarie,Dearborn,Dianemarie.Dearborn@yopmail.com,4
136,Jolyn,Byrne,Jolyn.Byrne@yopmail.com,3
137,Cordi,Janene,Cordi.Janene@yopmail.com,9
138,Joleen,Maurine,Joleen.Maurine@yopmail.com,6
139,Renie,Monaco,Renie.Monaco@yopmail.com,6
140,Barbara,Whiffen,Barbara.Whiffen@yopmail.com,5
141,Kellen,Oscar,Kellen.Oscar@yopmail.com,8
142,Debee,Eno,Debee.Eno@yopmail.com,8
143,Nariko,Maribeth,Nariko.Maribeth@yopmail.com,4
144,Concettina,Boycey,Concettina.Boycey@yopmail.com,6
145,Leeanne,Sholley,Leeanne.Sholley@yopmail.com,10
146,Berta,Holtz,Berta.Holtz@yopmail.com,9
147,Stacey,Seessel,Stacey.Seessel@yopmail.com,3
148,Sarette,Radu,Sarette.Radu@yopmail.com,6
149,Tamqrah,Turne,Tamqrah.Turne@yopmail.com,6
100,Wileen,Fink,Wileen.Fink@yopmail.com,9
101,Angelique,Presber,Angelique.Presber@yopmail.com,10
102,Jacquetta,Tippets,Jacquetta.Tippets@yopmail.com,3
103,Corina,Fry,Corina.Fry@yopmail.com,2
104,Ekaterina,Barrus,Ekaterina.Barrus@yopmail.com,9
105,Albertina,Zamora,Albertina.Zamora@yopmail.com,9
106,Joleen,Eliathas,Joleen.Eliathas@yopmail.com,2
107,Amara,Joachim,Amara.Joachim@yopmail.com,1
108,Ana,Bennie,Ana.Bennie@yopmail.com,10
109,Jordan,Ochs,Jordan.Ochs@yopmail.com,7
110,Roseline,Parsaye,Roseline.Parsaye@yopmail.com,6
111,Lorenza,Noam,Lorenza.Noam@yopmail.com,5
112,Bobinette,Etom,Bobinette.Etom@yopmail.com,10
113,Molli,Kannry,Molli.Kannry@yopmail.com,7
114,Belva,Abbot,Belva.Abbot@yopmail.com,10
115,Misha,Schroth,Misha.Schroth@yopmail.com,1
116,Jeanna,Kazimir,Jeanna.Kazimir@yopmail.com,8
117,Merle,Belldas,Merle.Belldas@yopmail.com,1
118,Vere,Morehouse,Vere.Morehouse@yopmail.com,3
119,Dale,Gilmour,Dale.Gilmour@yopmail.com,10
120,Rebeca,Charity,Rebeca.Charity@yopmail.com,2
121,Leontine,Himelman,Leontine.Himelman@yopmail.com,5
122,Sheree,Standing,Sheree.Standing@yopmail.com,2
123,Rori,Luhe,Rori.Luhe@yopmail.com,7
124,Konstance,Haymes,Konstance.Haymes@yopmail.com,9
125,Joelly,Simmonds,Joelly.Simmonds@yopmail.com,7
126,Ida,Rocray,Ida.Rocray@yopmail.com,8
127,Kalina,Miru,Kalina.Miru@yopmail.com,5
128,Lenna,Tiffa,Lenna.Tiffa@yopmail.com,4
129,Moyna,Fiester,Moyna.Fiester@yopmail.com,10
130,Rochette,Rosalba,Rochette.Rosalba@yopmail.com,7
131,Therine,Ardeha,Therine.Ardeha@yopmail.com,10
132,Shandie,Dawkins,Shandie.Dawkins@yopmail.com,8
133,Alleen,Garek,Alleen.Garek@yopmail.com,9
134,Nadine,Dudley,Nadine.Dudley@yopmail.com,4
135,Dianemarie,Dearborn,Dianemarie.Dearborn@yopmail.com,4
136,Jolyn,Byrne,Jolyn.Byrne@yopmail.com,3
137,Cordi,Janene,Cordi.Janene@yopmail.com,9
138,Joleen,Maurine,Joleen.Maurine@yopmail.com,6
139,Renie,Monaco,Renie.Monaco@yopmail.com,6
140,Barbara,Whiffen,Barbara.Whiffen@yopmail.com,5
141,Kellen,Oscar,Kellen.Oscar@yopmail.com,8
142,Debee,Eno,Debee.Eno@yopmail.com,8
143,Nariko,Maribeth,Nariko.Maribeth@yopmail.com,4
144,Concettina,Boycey,Concettina.Boycey@yopmail.com,6
145,Leeanne,Sholley,Leeanne.Sholley@yopmail.com,10
146,Berta,Holtz,Berta.Holtz@yopmail.com,9
147,Stacey,Seessel,Stacey.Seessel@yopmail.com,3
148,Sarette,Radu,Sarette.Radu@yopmail.com,6
149,Tamqrah,Turne,Tamqrah.Turne@yopmail.com,6
100,Wileen,Fink,Wileen.Fink@yopmail.com,9
101,Angelique,Presber,Angelique.Presber@yopmail.com,10
102,Jacquetta,Tippets,Jacquetta.Tippets@yopmail.com,3
103,Corina,Fry,Corina.Fry@yopmail.com,2
104,Ekaterina,Barrus,Ekaterina.Barrus@yopmail.com,9
105,Albertina,Zamora,Albertina.Zamora@yopmail.com,9
106,Joleen,Eliathas,Joleen.Eliathas@yopmail.com,2
107,Amara,Joachim,Amara.Joachim@yopmail.com,1
108,Ana,Bennie,Ana.Bennie@yopmail.com,10
109,Jordan,Ochs,Jordan.Ochs@yopmail.com,7
110,Roseline,Parsaye,Roseline.Parsaye@yopmail.com,6
111,Lorenza,Noam,Lorenza.Noam@yopmail.com,5
112,Bobinette,Etom,Bobinette.Etom@yopmail.com,10
113,Molli,Kannry,Molli.Kannry@yopmail.com,7
114,Belva,Abbot,Belva.Abbot@yopmail.com,10
115,Misha,Schroth,Misha.Schroth@yopmail.com,1
116,Jeanna,Kazimir,Jeanna.Kazimir@yopmail.com,8
117,Merle,Belldas,Merle.Belldas@yopmail.com,1
118,Vere,Morehouse,Vere.Morehouse@yopmail.com,3
119,Dale,Gilmour,Dale.Gilmour@yopmail.com,10
120,Rebeca,Charity,Rebeca.Charity@yopmail.com,2
121,Leontine,Himelman,Leontine.Himelman@yopmail.com,5
122,Sheree,Standing,Sheree.Standing@yopmail.com,2
123,Rori,Luhe,Rori.Luhe@yopmail.com,7
124,Konstance,Haymes,Konstance.Haymes@yopmail.com,9
125,Joelly,Simmonds,Joelly.Simmonds@yopmail.com,7
126,Ida,Rocray,Ida.Rocray@yopmail.com,8
127,Kalina,Miru,Kalina.Miru@yopmail.com,5
128,Lenna,Tiffa,Lenna.Tiffa@yopmail.com,4
129,Moyna,Fiester,Moyna.Fiester@yopmail.com,10
130,Rochette,Rosalba,Rochette.Rosalba@yopmail.com,7
131,Therine,Ardeha,Therine.Ardeha@yopmail.com,10
132,Shandie,Dawkins,Shandie.Dawkins@yopmail.com,8
133,Alleen,Garek,Alleen.Garek@yopmail.com,9
134,Nadine,Dudley,Nadine.Dudley@yopmail.com,4
135,Dianemarie,Dearborn,Dianemarie.Dearborn@yopmail.com,4
136,Jolyn,Byrne,Jolyn.Byrne@yopmail.com,3
137,Cordi,Janene,Cordi.Janene@yopmail.com,9
138,Joleen,Maurine,Joleen.Maurine@yopmail.com,6
139,Renie,Monaco,Renie.Monaco@yopmail.com,6
140,Barbara,Whiffen,Barbara.Whiffen@yopmail.com,5
141,Kellen,Oscar,Kellen.Oscar@yopmail.com,8
142,Debee,Eno,Debee.Eno@yopmail.com,8
143,Nariko,Maribeth,Nariko.Maribeth@yopmail.com,4
144,Concettina,Boycey,Concettina.Boycey@yopmail.com,6
145,Leeanne,Sholley,Leeanne.Sholley@yopmail.com,10
146,Berta,Holtz,Berta.Holtz@yopmail.com,9
147,Stacey,Seessel,Stacey.Seessel@yopmail.com,3
148,Sarette,Radu,Sarette.Radu@yopmail.com,6
149,Tamqrah,Turne,Tamqrah.Turne@yopmail.com,6
100,Wileen,Fink,Wileen.Fink@yopmail.com,9
101,Angelique,Presber,Angelique.Presber@yopmail.com,10
102,Jacquetta,Tippets,Jacquetta.Tippets@yopmail.com,3
103,Corina,Fry,Corina.Fry@yopmail.com,2
104,Ekaterina,Barrus,Ekaterina.Barrus@yopmail.com,9
105,Albertina,Zamora,Albertina.Zamora@yopmail.com,9
106,Joleen,Eliathas,Joleen.Eliathas@yopmail.com,2
107,Amara,Joachim,Amara.Joachim@yopmail.com,1
108,Ana,Bennie,Ana.Bennie@yopmail.com,10
109,Jordan,Ochs,Jordan.Ochs@yopmail.com,7
110,Roseline,Parsaye,Roseline.Parsaye@yopmail.com,6
111,Lorenza,Noam,Lorenza.Noam@yopmail.com,5
112,Bobinette,Etom,Bobinette.Etom@yopmail.com,10
113,Molli,Kannry,Molli.Kannry@yopmail.com,7
114,Belva,Abbot,Belva.Abbot@yopmail.com,10
115,Misha,Schroth,Misha.Schroth@yopmail.com,1
116,Jeanna,Kazimir,Jeanna.Kazimir@yopmail.com,8
117,Merle,Belldas,Merle.Belldas@yopmail.com,1
118,Vere,Morehouse,Vere.Morehouse@yopmail.com,3
119,Dale,Gilmour,Dale.Gilmour@yopmail.com,10
120,Rebeca,Charity,Rebeca.Charity@yopmail.com,2
121,Leontine,Himelman,Leontine.Himelman@yopmail.com,5
122,Sheree,Standing,Sheree.Standing@yopmail.com,2
123,Rori,Luhe,Rori.Luhe@yopmail.com,7
124,Konstance,Haymes,Konstance.Haymes@yopmail.com,9
125,Joelly,Simmonds,Joelly.Simmonds@yopmail.com,7
126,Ida,Rocray,Ida.Rocray@yopmail.com,8
127,Kalina,Miru,Kalina.Miru@yopmail.com,5
128,Lenna,Tiffa,Lenna.Tiffa@yopmail.com,4
129,Moyna,Fiester,Moyna.Fiester@yopmail.com,10
130,Rochette,Rosalba,Rochette.Rosalba@yopmail.com,7
131,Therine,Ardeha,Therine.Ardeha@yopmail.com,10
132,Shandie,Dawkins,Shandie.Dawkins@yopmail.com,8
133,Alleen,Garek,Alleen.Garek@yopmail.com,9
134,Nadine,Dudley,Nadine.Dudley@yopmail.com,4
135,Dianemarie,Dearborn,Dianemarie.Dearborn@yopmail.com,4
136,Jolyn,Byrne,Jolyn.Byrne@yopmail.com,3
137,Cordi,Janene,Cordi.Janene@yopmail.com,9
138,Joleen,Maurine,Joleen.Maurine@yopmail.com,6
139,Renie,Monaco,Renie.Monaco@yopmail.com,6
140,Barbara,Whiffen,Barbara.Whiffen@yopmail.com,5
141,Kellen,Oscar,Kellen.Oscar@yopmail.com,8
142,Debee,Eno,Debee.Eno@yopmail.com,8
143,Nariko,Maribeth,Nariko.Maribeth@yopmail.com,4
144,Concettina,Boycey,Concettina.Boycey@yopmail.com,6
145,Leeanne,Sholley,Leeanne.Sholley@yopmail.com,10
146,Berta,Holtz,Berta.Holtz@yopmail.com,9
147,Stacey,Seessel,Stacey.Seessel@yopmail.com,3
148,Sarette,Radu,Sarette.Radu@yopmail.com,6
149,Tamqrah,Turne,Tamqrah.Turne@yopmail.com,6
100,Wileen,Fink,Wileen.Fink@yopmail.com,9
101,Angelique,Presber,Angelique.Presber@yopmail.com,10
102,Jacquetta,Tippets,Jacquetta.Tippets@yopmail.com,3
103,Corina,Fry,Corina.Fry@yopmail.com,2
104,Ekaterina,Barrus,Ekaterina.Barrus@yopmail.com,9
105,Albertina,Zamora,Albertina.Zamora@yopmail.com,9
106,Joleen,Eliathas,Joleen.Eliathas@yopmail.com,2
107,Amara,Joachim,Amara.Joachim@yopmail.com,1
108,Ana,Bennie,Ana.Bennie@yopmail.com,10
109,Jordan,Ochs,Jordan.Ochs@yopmail.com,7
110,Roseline,Parsaye,Roseline.Parsaye@yopmail.com,6
111,Lorenza,Noam,Lorenza.Noam@yopmail.com,5
112,Bobinette,Etom,Bobinette.Etom@yopmail.com,10
113,Molli,Kannry,Molli.Kannry@yopmail.com,7
114,Belva,Abbot,Belva.Abbot@yopmail.com,10
115,Misha,Schroth,Misha.Schroth@yopmail.com,1
116,Jeanna,Kazimir,Jeanna.Kazimir@yopmail.com,8
117,Merle,Belldas,Merle.Belldas@yopmail.com,1
118,Vere,Morehouse,Vere.Morehouse@yopmail.com,3
119,Dale,Gilmour,Dale.Gilmour@yopmail.com,10
120,Rebeca,Charity,Rebeca.Charity@yopmail.com,2
121,Leontine,Himelman,Leontine.Himelman@yopmail.com,5
122,Sheree,Standing,Sheree.Standing@yopmail.com,2
123,Rori,Luhe,Rori.Luhe@yopmail.com,7
124,Konstance,Haymes,Konstance.Haymes@yopmail.com,9
125,Joelly,Simmonds,Joelly.Simmonds@yopmail.com,7
126,Ida,Rocray,Ida.Rocray@yopmail.com,8
127,Kalina,Miru,Kalina.Miru@yopmail.com,5
128,Lenna,Tiffa,Lenna.Tiffa@yopmail.com,4
129,Moyna,Fiester,Moyna.Fiester@yopmail.com,10
130,Rochette,Rosalba,Rochette.Rosalba@yopmail.com,7
131,Therine,Ardeha,Therine.Ardeha@yopmail.com,10
132,Shandie,Dawkins,Shandie.Dawkins@yopmail.com,8
133,Alleen,Garek,Alleen.Garek@yopmail.com,9
134,Nadine,Dudley,Nadine.Dudley@yopmail.com,4
135,Dianemarie,Dearborn,Dianemarie.Dearborn@yopmail.com,4
136,Jolyn,Byrne,Jolyn.Byrne@yopmail.com,3
137,Cordi,Janene,Cordi.Janene@yopmail.com,9
138,Joleen,Maurine,Joleen.Maurine@yopmail.com,6
139,Renie,Monaco,Renie.Monaco@yopmail.com,6
140,Barbara,Whiffen,Barbara.Whiffen@yopmail.com,5
141,Kellen,Oscar,Kellen.Oscar@yopmail.com,8
142,Debee,Eno,Debee.Eno@yopmail.com,8
143,Nariko,Maribeth,Nariko.Maribeth@yopmail.com,4
144,Concettina,Boycey,Concettina.Boycey@yopmail.com,6
145,Leeanne,Sholley,Leeanne.Sholley@yopmail.com,10
146,Berta,Holtz,Berta.Holtz@yopmail.com,9
147,Stacey,Seessel,Stacey.Seessel@yopmail.com,3
148,Sarette,Radu,Sarette.Radu@yopmail.com,6
149,Tamqrah,Turne,Tamqrah.Turne@yopmail.com,6
100,Wileen,Fink,Wileen.Fink@yopmail.com,9
101,Angelique,Presber,Angelique.Presber@yopmail.com,10
102,Jacquetta,Tippets,Jacquetta.Tippets@yopmail.com,3
103,Corina,Fry,Corina.Fry@yopmail.com,2
104,Ekaterina,Barrus,Ekaterina.Barrus@yopmail.com,9
105,Albertina,Zamora,Albertina.Zamora@yopmail.com,9
106,Joleen,Eliathas,Joleen.Eliathas@yopmail.com,2
107,Amara,Joachim,Amara.Joachim@yopmail.com,1
108,Ana,Bennie,Ana.Bennie@yopmail.com,10
109,Jordan,Ochs,Jordan.Ochs@yopmail.com,7
110,Roseline,Parsaye,Roseline.Parsaye@yopmail.com,6
111,Lorenza,Noam,Lorenza.Noam@yopmail.com,5
112,Bobinette,Etom,Bobinette.Etom@yopmail.com,10
113,Molli,Kannry,Molli.Kannry@yopmail.com,7
114,Belva,Abbot,Belva.Abbot@yopmail.com,10
115,Misha,Schroth,Misha.Schroth@yopmail.com,1
116,Jeanna,Kazimir,Jeanna.Kazimir@yopmail.com,8
117,Merle,Belldas,Merle.Belldas@yopmail.com,1
118,Vere,Morehouse,Vere.Morehouse@yopmail.com,3
119,Dale,Gilmour,Dale.Gilmour@yopmail.com,10
120,Rebeca,Charity,Rebeca.Charity@yopmail.com,2
121,Leontine,Himelman,Leontine.Himelman@yopmail.com,5
122,Sheree,Standing,Sheree.Standing@yopmail.com,2
123,Rori,Luhe,Rori.Luhe@yopmail.com,7
124,Konstance,Haymes,Konstance.Haymes@yopmail.com,9
125,Joelly,Simmonds,Joelly.Simmonds@yopmail.com,7
126,Ida,Rocray,Ida.Rocray@yopmail.com,8
127,Kalina,Miru,Kalina.Miru@yopmail.com,5
128,Lenna,Tiffa,Lenna.Tiffa@yopmail.com,4
129,Moyna,Fiester,Moyna.Fiester@yopmail.com,10
130,Rochette,Rosalba,Rochette.Rosalba@yopmail.com,7
131,Therine,Ardeha,Therine.Ardeha@yopmail.com,10
132,Shandie,Dawkins,Shandie.Dawkins@yopmail.com,8
133,Alleen,Garek,Alleen.Garek@yopmail.com,9
134,Nadine,Dudley,Nadine.Dudley@yopmail.com,4
135,Dianemarie,Dearborn,Dianemarie.Dearborn@yopmail.com,4
136,Jolyn,Byrne,Jolyn.Byrne@yopmail.com,3
137,Cordi,Janene,Cordi.Janene@yopmail.com,9
138,Joleen,Maurine,Joleen.Maurine@yopmail.com,6
139,Renie,Monaco,Renie.Monaco@yopmail.com,6
140,Barbara,Whiffen,Barbara.Whiffen@yopmail.com,5
141,Kellen,Oscar,Kellen.Oscar@yopmail.com,8
142,Debee,Eno,Debee.Eno@yopmail.com,8
143,Nariko,Maribeth,Nariko.Maribeth@yopmail.com,4
144,Concettina,Boycey,Concettina.Boycey@yopmail.com,6
145,Leeanne,Sholley,Leeanne.Sholley@yopmail.com,10
146,Berta,Holtz,Berta.Holtz@yopmail.com,9
147,Stacey,Seessel,Stacey.Seessel@yopmail.com,3
148,Sarette,Radu,Sarette.Radu@yopmail.com,6
149,Tamqrah,Turne,Tamqrah.Turne@yopmail.com,6
100,Wileen,Fink,Wileen.Fink@yopmail.com,9
101,Angelique,Presber,Angelique.Presber@yopmail.com,10
102,Jacquetta,Tippets,Jacquetta.Tippets@yopmail.com,3
103,Corina,Fry,Corina.Fry@yopmail.com,2
104,Ekaterina,Barrus,Ekaterina.Barrus@yopmail.com,9
105,Albertina,Zamora,Albertina.Zamora@yopmail.com,9
106,Joleen,Eliathas,Joleen.Eliathas@yopmail.com,2
107,Amara,Joachim,Amara.Joachim@yopmail.com,1
108,Ana,Bennie,Ana.Bennie@yopmail.com,10
109,Jordan,Ochs,Jordan.Ochs@yopmail.com,7
110,Roseline,Parsaye,Roseline.Parsaye@yopmail.com,6
111,Lorenza,Noam,Lorenza.Noam@yopmail.com,5
112,Bobinette,Etom,Bobinette.Etom@yopmail.com,10
113,Molli,Kannry,Molli.Kannry@yopmail.com,7
114,Belva,Abbot,Belva.Abbot@yopmail.com,10
115,Misha,Schroth,Misha.Schroth@yopmail.com,1
116,Jeanna,Kazimir,Jeanna.Kazimir@yopmail.com,8
117,Merle,Belldas,Merle.Belldas@yopmail.com,1
118,Vere,Morehouse,Vere.Morehouse@yopmail.com,3
119,Dale,Gilmour,Dale.Gilmour@yopmail.com,10
120,Rebeca,Charity,Rebeca.Charity@yopmail.com,2
121,Leontine,Himelman,Leontine.Himelman@yopmail.com,5
122,Sheree,Standing,Sheree.Standing@yopmail.com,2
123,Rori,Luhe,Rori.Luhe@yopmail.com,7
124,Konstance,Haymes,Konstance.Haymes@yopmail.com,9
125,Joelly,Simmonds,Joelly.Simmonds@yopmail.com,7
126,Ida,Rocray,Ida.Rocray@yopmail.com,8
127,Kalina,Miru,Kalina.Miru@yopmail.com,5
128,Lenna,Tiffa,Lenna.Tiffa@yopmail.com,4
129,Moyna,Fiester,Moyna.Fiester@yopmail.com,10
130,Rochette,Rosalba,Rochette.Rosalba@yopmail.com,7
131,Therine,Ardeha,Therine.Ardeha@yopmail.com,10
132,Shandie,Dawkins,Shandie.Dawkins@yopmail.com,8
133,Alleen,Garek,Alleen.Garek@yopmail.com,9
134,Nadine,Dudley,Nadine.Dudley@yopmail.com,4
135,Dianemarie,Dearborn,Dianemarie.Dearborn@yopmail.com,4
136,Jolyn,Byrne,Jolyn.Byrne@yopmail.com,3
137,Cordi,Janene,Cordi.Janene@yopmail.com,9
138,Joleen,Maurine,Joleen.Maurine@yopmail.com,6
139,Renie,Monaco,Renie.Monaco@yopmail.com,6
140,Barbara,Whiffen,Barbara.Whiffen@yopmail.com,5
141,Kellen,Oscar,Kellen.Oscar@yopmail.com,8
142,Debee,Eno,Debee.Eno@yopmail.com,8
143,Nariko,Maribeth,Nariko.Maribeth@yopmail.com,4
144,Concettina,Boycey,Concettina.Boycey@yopmail.com,6
145,Leeanne,Sholley,Leeanne.Sholley@yopmail.com,10
146,Berta,Holtz,Berta.Holtz@yopmail.com,9
147,Stacey,Seessel,Stacey.Seessel@yopmail.com,3
148,Sarette,Radu,Sarette.Radu@yopmail.com,6
149,Tamqrah,Turne,Tamqrah.Turne@yopmail.com,6
100,Wileen,Fink,Wileen.Fink@yopmail.com,9
101,Angelique,Presber,Angelique.Presber@yopmail.com,10
102,Jacquetta,Tippets,Jacquetta.Tippets@yopmail.com,3
103,Corina,Fry,Corina.Fry@yopmail.com,2
104,Ekaterina,Barrus,Ekaterina.Barrus@yopmail.com,9
105,Albertina,Zamora,Albertina.Zamora@yopmail.com,9
106,Joleen,Eliathas,Joleen.Eliathas@yopmail.com,2
107,Amara,Joachim,Amara.Joachim@yopmail.com,1
108,Ana,Bennie,Ana.Bennie@yopmail.com,10
109,Jordan,Ochs,Jordan.Ochs@yopmail.com,7
110,Roseline,Parsaye,Roseline.Parsaye@yopmail.com,6
111,Lorenza,Noam,Lorenza.Noam@yopmail.com,5
112,Bobinette,Etom,Bobinette.Etom@yopmail.com,10
113,Molli,Kannry,Molli.Kannry@yopmail.com,7
114,Belva,Abbot,Belva.Abbot@yopmail.com,10
115,Misha,Schroth,Misha.Schroth@yopmail.com,1
116,Jeanna,Kazimir,Jeanna.Kazimir@yopmail.com,8
117,Merle,Belldas,Merle.Belldas@yopmail.com,1
118,Vere,Morehouse,Vere.Morehouse@yopmail.com,3
119,Dale,Gilmour,Dale.Gilmour@yopmail.com,10
120,Rebeca,Charity,Rebeca.Charity@yopmail.com,2
121,Leontine,Himelman,Leontine.Himelman@yopmail.com,5
122,Sheree,Standing,Sheree.Standing@yopmail.com,2
123,Rori,Luhe,Rori.Luhe@yopmail.com,7
124,Konstance,Haymes,Konstance.Haymes@yopmail.com,9
125,Joelly,Simmonds,Joelly.Simmonds@yopmail.com,7
126,Ida,Rocray,Ida.Rocray@yopmail.com,8
127,Kalina,Miru,Kalina.Miru@yopmail.com,5
128,Lenna,Tiffa,Lenna.Tiffa@yopmail.com,4
129,Moyna,Fiester,Moyna.Fiester@yopmail.com,10
130,Rochette,Rosalba,Rochette.Rosalba@yopmail.com,7
131,Therine,Ardeha,Therine.Ardeha@yopmail.com,10
132,Shandie,Dawkins,Shandie.Dawkins@yopmail.com,8
133,Alleen,Garek,Alleen.Garek@yopmail.com,9
134,Nadine,Dudley,Nadine.Dudley@yopmail.com,4
135,Dianemarie,Dearborn,Dianemarie.Dearborn@yopmail.com,4
136,Jolyn,Byrne,Jolyn.Byrne@yopmail.com,3
137,Cordi,Janene,Cordi.Janene@yopmail.com,9
138,Joleen,Maurine,Joleen.Maurine@yopmail.com,6
139,Renie,Monaco,Renie.Monaco@yopmail.com,6
140,Barbara,Whiffen,Barbara.Whiffen@yopmail.com,5
141,Kellen,Oscar,Kellen.Oscar@yopmail.com,8
142,Debee,Eno,Debee.Eno@yopmail.com,8
143,Nariko,Maribeth,Nariko.Maribeth@yopmail.com,4
144,Concettina,Boycey,Concettina.Boycey@yopmail.com,6
145,Leeanne,Sholley,Leeanne.Sholley@yopmail.com,10
146,Berta,Holtz,Berta.Holtz@yopmail.com,9
147,Stacey,Seessel,Stacey.Seessel@yopmail.com,3
148,Sarette,Radu,Sarette.Radu@yopmail.com,6
149,Tamqrah,Turne,Tamqrah.Turne@yopmail.com,6
100,Wileen,Fink,Wileen.Fink@yopmail.com,9
101,Angelique,Presber,Angelique.Presber@yopmail.com,10
102,Jacquetta,Tippets,Jacquetta.Tippets@yopmail.com,3
103,Corina,Fry,Corina.Fry@yopmail.com,2
104,Ekaterina,Barrus,Ekaterina.Barrus@yopmail.com,9
105,Albertina,Zamora,Albertina.Zamora@yopmail.com,9
106,Joleen,Eliathas,Joleen.Eliathas@yopmail.com,2
107,Amara,Joachim,Amara.Joachim@yopmail.com,1
108,Ana,Bennie,Ana.Bennie@yopmail.com,10
109,Jordan,Ochs,Jordan.Ochs@yopmail.com,7
110,Roseline,Parsaye,Roseline.Parsaye@yopmail.com,6
111,Lorenza,Noam,Lorenza.Noam@yopmail.com,5
112,Bobinette,Etom,Bobinette.Etom@yopmail.com,10
113,Molli,Kannry,Molli.Kannry@yopmail.com,7
114,Belva,Abbot,Belva.Abbot@yopmail.com,10
115,Misha,Schroth,Misha.Schroth@yopmail.com,1
116,Jeanna,Kazimir,Jeanna.Kazimir@yopmail.com,8
117,Merle,Belldas,Merle.Belldas@yopmail.com,1
118,Vere,Morehouse,Vere.Morehouse@yopmail.com,3
119,Dale,Gilmour,Dale.Gilmour@yopmail.com,10
120,Rebeca,Charity,Rebeca.Charity@yopmail.com,2
121,Leontine,Himelman,Leontine.Himelman@yopmail.com,5
122,Sheree,Standing,Sheree.Standing@yopmail.com,2
123,Rori,Luhe,Rori.Luhe@yopmail.com,7
124,Konstance,Haymes,Konstance.Haymes@yopmail.com,9
125,Joelly,Simmonds,Joelly.Simmonds@yopmail.com,7
126,Ida,Rocray,Ida.Rocray@yopmail.com,8
127,Kalina,Miru,Kalina.Miru@yopmail.com,5
128,Lenna,Tiffa,Lenna.Tiffa@yopmail.com,4
129,Moyna,Fiester,Moyna.Fiester@yopmail.com,10
130,Rochette,Rosalba,Rochette.Rosalba@yopmail.com,7
131,Therine,Ardeha,Therine.Ardeha@yopmail.com,10
132,Shandie,Dawkins,Shandie.Dawkins@yopmail.com,8
133,Alleen,Garek,Alleen.Garek@yopmail.com,9
134,Nadine,Dudley,Nadine.Dudley@yopmail.com,4
135,Dianemarie,Dearborn,Dianemarie.Dearborn@yopmail.com,4
136,Jolyn,Byrne,Jolyn.Byrne@yopmail.com,3
137,Cordi,Janene,Cordi.Janene@yopmail.com,9
138,Joleen,Maurine,Joleen.Maurine@yopmail.com,6
139,Renie,Monaco,Renie.Monaco@yopmail.com,6
140,Barbara,Whiffen,Barbara.Whiffen@yopmail.com,5
141,Kellen,Oscar,Kellen.Oscar@yopmail.com,8
142,Debee,Eno,Debee.Eno@yopmail.com,8
143,Nariko,Maribeth,Nariko.Maribeth@yopmail.com,4
144,Concettina,Boycey,Concettina.Boycey@yopmail.com,6
145,Leeanne,Sholley,Leeanne.Sholley@yopmail.com,10
146,Berta,Holtz,Berta.Holtz@yopmail.com,9
147,Stacey,Seessel,Stacey.Seessel@yopmail.com,3
148,Sarette,Radu,Sarette.Radu@yopmail.com,6
149,Tamqrah,Turne,Tamqrah.Turne@yopmail.com,6
100,Wileen,Fink,Wileen.Fink@yopmail.com,9
101,Angelique,Presber,Angelique.Presber@yopmail.com,10
102,Jacquetta,Tippets,Jacquetta.Tippets@yopmail.com,3
103,Corina,Fry,Corina.Fry@yopmail.com,2
104,Ekaterina,Barrus,Ekaterina.Barrus@yopmail.com,9
105,Albertina,Zamora,Albertina.Zamora@yopmail.com,9
106,Joleen,Eliathas,Joleen.Eliathas@yopmail.com,2
107,Amara,Joachim,Amara.Joachim@yopmail.com,1
108,Ana,Bennie,Ana.Bennie@yopmail.com,10
109,Jordan,Ochs,Jordan.Ochs@yopmail.com,7
110,Roseline,Parsaye,Roseline.Parsaye@yopmail.com,6
111,Lorenza,Noam,Lorenza.Noam@yopmail.com,5
112,Bobinette,Etom,Bobinette.Etom@yopmail.com,10
113,Molli,Kannry,Molli.Kannry@yopmail.com,7
114,Belva,Abbot,Belva.Abbot@yopmail.com,10
115,Misha,Schroth,Misha.Schroth@yopmail.com,1
116,Jeanna,Kazimir,Jeanna.Kazimir@yopmail.com,8
117,Merle,Belldas,Merle.Belldas@yopmail.com,1
118,Vere,Morehouse,Vere.Morehouse@yopmail.com,3
119,Dale,Gilmour,Dale.Gilmour@yopmail.com,10
120,Rebeca,Charity,Rebeca.Charity@yopmail.com,2
121,Leontine,Himelman,Leontine.Himelman@yopmail.com,5
122,Sheree,Standing,Sheree.Standing@yopmail.com,2
123,Rori,Luhe,Rori.Luhe@yopmail.com,7
124,Konstance,Haymes,Konstance.Haymes@yopmail.com,9
125,Joelly,Simmonds,Joelly.Simmonds@yopmail.com,7
126,Ida,Rocray,Ida.Rocray@yopmail.com,8
127,Kalina,Miru,Kalina.Miru@yopmail.com,5
128,Lenna,Tiffa,Lenna.Tiffa@yopmail.com,4
129,Moyna,Fiester,Moyna.Fiester@yopmail.com,10
130,Rochette,Rosalba,Rochette.Rosalba@yopmail.com,7
131,Therine,Ardeha,Therine.Ardeha@yopmail.com,10
132,Shandie,Dawkins,Shandie.Dawkins@yopmail.com,8
133,Alleen,Garek,Alleen.Garek@yopmail.com,9
134,Nadine,Dudley,Nadine.Dudley@yopmail.com,4
135,Dianemarie,Dearborn,Dianemarie.Dearborn@yopmail.com,4
136,Jolyn,Byrne,Jolyn.Byrne@yopmail.com,3
137,Cordi,Janene,Cordi.Janene@yopmail.com,9
138,Joleen,Maurine,Joleen.Maurine@yopmail.com,6
139,Renie,Monaco,Renie.Monaco@yopmail.com,6
140,Barbara,Whiffen,Barbara.Whiffen@yopmail.com,5
141,Kellen,Oscar,Kellen.Oscar@yopmail.com,8
142,Debee,Eno,Debee.Eno@yopmail.com,8
143,Nariko,Maribeth,Nariko.Maribeth@yopmail.com,4
144,Concettina,Boycey,Concettina.Boycey@yopmail.com,6
145,Leeanne,Sholley,Leeanne.Sholley@yopmail.com,10
146,Berta,Holtz,Berta.Holtz@yopmail.com,9
147,Stacey,Seessel,Stacey.Seessel@yopmail.com,3
148,Sarette,Radu,Sarette.Radu@yopmail.com,6
149,Tamqrah,Turne,Tamqrah.Turne@yopmail.com,6
100,Wileen,Fink,Wileen.Fink@yopmail.com,9
101,Angelique,Presber,Angelique.Presber@yopmail.com,10
102,Jacquetta,Tippets,Jacquetta.Tippets@yopmail.com,3
103,Corina,Fry,Corina.Fry@yopmail.com,2
104,Ekaterina,Barrus,Ekaterina.Barrus@yopmail.com,9
105,Albertina,Zamora,Albertina.Zamora@yopmail.com,9
106,Joleen,Eliathas,Joleen.Eliathas@yopmail.com,2
107,Amara,Joachim,Amara.Joachim@yopmail.com,1
108,Ana,Bennie,Ana.Bennie@yopmail.com,10
109,Jordan,Ochs,Jordan.Ochs@yopmail.com,7
110,Roseline,Parsaye,Roseline.Parsaye@yopmail.com,6
111,Lorenza,Noam,Lorenza.Noam@yopmail.com,5
112,Bobinette,Etom,Bobinette.Etom@yopmail.com,10
113,Molli,Kannry,Molli.Kannry@yopmail.com,7
114,Belva,Abbot,Belva.Abbot@yopmail.com,10
115,Misha,Schroth,Misha.Schroth@yopmail.com,1
116,Jeanna,Kazimir,Jeanna.Kazimir@yopmail.com,8
117,Merle,Belldas,Merle.Belldas@yopmail.com,1
118,Vere,Morehouse,Vere.Morehouse@yopmail.com,3
119,Dale,Gilmour,Dale.Gilmour@yopmail.com,10
120,Rebeca,Charity,Rebeca.Charity@yopmail.com,2
121,Leontine,Himelman,Leontine.Himelman@yopmail.com,5
122,Sheree,Standing,Sheree.Standing@yopmail.com,2
123,Rori,Luhe,Rori.Luhe@yopmail.com,7
124,Konstance,Haymes,Konstance.Haymes@yopmail.com,9
125,Joelly,Simmonds,Joelly.Simmonds@yopmail.com,7
126,Ida,Rocray,Ida.Rocray@yopmail.com,8
127,Kalina,Miru,Kalina.Miru@yopmail.com,5
128,Lenna,Tiffa,Lenna.Tiffa@yopmail.com,4
129,Moyna,Fiester,Moyna.Fiester@yopmail.com,10
130,Rochette,Rosalba,Rochette.Rosalba@yopmail.com,7
131,Therine,Ardeha,Therine.Ardeha@yopmail.com,10
132,Shandie,Dawkins,Shandie.Dawkins@yopmail.com,8
133,Alleen,Garek,Alleen.Garek@yopmail.com,9
134,Nadine,Dudley,Nadine.Dudley@yopmail.com,4
135,Dianemarie,Dearborn,Dianemarie.Dearborn@yopmail.com,4
136,Jolyn,Byrne,Jolyn.Byrne@yopmail.com,3
137,Cordi,Janene,Cordi.Janene@yopmail.com,9
138,Joleen,Maurine,Joleen.Maurine@yopmail.com,6
139,Renie,Monaco,Renie.Monaco@yopmail.com,6
140,Barbara,Whiffen,Barbara.Whiffen@yopmail.com,5
141,Kellen,Oscar,Kellen.Oscar@yopmail.com,8
142,Debee,Eno,Debee.Eno@yopmail.com,8
143,Nariko,Maribeth,Nariko.Maribeth@yopmail.com,4
144,Concettina,Boycey,Concettina.Boycey@yopmail.com,6
145,Leeanne,Sholley,Leeanne.Sholley@yopmail.com,10
146,Berta,Holtz,Berta.Holtz@yopmail.com,9
147,Stacey,Seessel,Stacey.Seessel@yopmail.com,3
148,Sarette,Radu,Sarette.Radu@yopmail.com,6
149,Tamqrah,Turne,Tamqrah.Turne@yopmail.com,6
100,Wileen,Fink,Wileen.Fink@yopmail.com,9
101,Angelique,Presber,Angelique.Presber@yopmail.com,10
102,Jacquetta,Tippets,Jacquetta.Tippets@yopmail.com,3
103,Corina,Fry,Corina.Fry@yopmail.com,2
104,Ekaterina,Barrus,Ekaterina.Barrus@yopmail.com,9
105,Albertina,Zamora,Albertina.Zamora@yopmail.com,9
106,Joleen,Eliathas,Joleen.Eliathas@yopmail.com,2
107,Amara,Joachim,Amara.Joachim@yopmail.com,1
108,Ana,Bennie,Ana.Bennie@yopmail.com,10
109,Jordan,Ochs,Jordan.Ochs@yopmail.com,7
110,Roseline,Parsaye,Roseline.Parsaye@yopmail.com,6
111,Lorenza,Noam,Lorenza.Noam@yopmail.com,5
112,Bobinette,Etom,Bobinette.Etom@yopmail.com,10
113,Molli,Kannry,Molli.Kannry@yopmail.com,7
114,Belva,Abbot,Belva.Abbot@yopmail.com,10
115,Misha,Schroth,Misha.Schroth@yopmail.com,1
116,Jeanna,Kazimir,Jeanna.Kazimir@yopmail.com,8
117,Merle,Belldas,Merle.Belldas@yopmail.com,1
118,Vere,Morehouse,Vere.Morehouse@yopmail.com,3
119,Dale,Gilmour,Dale.Gilmour@yopmail.com,10
120,Rebeca,Charity,Rebeca.Charity@yopmail.com,2
121,Leontine,Himelman,Leontine.Himelman@yopmail.com,5
122,Sheree,Standing,Sheree.Standing@yopmail.com,2
123,Rori,Luhe,Rori.Luhe@yopmail.com,7
124,Konstance,Haymes,Konstance.Haymes@yopmail.com,9
125,Joelly,Simmonds,Joelly.Simmonds@yopmail.com,7
126,Ida,Rocray,Ida.Rocray@yopmail.com,8
127,Kalina,Miru,Kalina.Miru@yopmail.com,5
128,Lenna,Tiffa,Lenna.Tiffa@yopmail.com,4
129,Moyna,Fiester,Moyna.Fiester@yopmail.com,10
130,Rochette,Rosalba,Rochette.Rosalba@yopmail.com,7
131,Therine,Ardeha,Therine.Ardeha@yopmail.com,10
132,Shandie,Dawkins,Shandie.Dawkins@yopmail.com,8
133,Alleen,Garek,Alleen.Garek@yopmail.com,9
134,Nadine,Dudley,Nadine.Dudley@yopmail.com,4
135,Dianemarie,Dearborn,Dianemarie.Dearborn@yopmail.com,4
136,Jolyn,Byrne,Jolyn.Byrne@yopmail.com,3
137,Cordi,Janene,Cordi.Janene@yopmail.com,9
138,Joleen,Maurine,Joleen.Maurine@yopmail.com,6
139,Renie,Monaco,Renie.Monaco@yopmail.com,6
140,Barbara,Whiffen,Barbara.Whiffen@yopmail.com,5
141,Kellen,Oscar,Kellen.Oscar@yopmail.com,8
142,Debee,Eno,Debee.Eno@yopmail.com,8
143,Nariko,Maribeth,Nariko.Maribeth@yopmail.com,4
144,Concettina,Boycey,Concettina.Boycey@yopmail.com,6
145,Leeanne,Sholley,Leeanne.Sholley@yopmail.com,10
146,Berta,Holtz,Berta.Holtz@yopmail.com,9
147,Stacey,Seessel,Stacey.Seessel@yopmail.com,3
148,Sarette,Radu,Sarette.Radu@yopmail.com,6
149,Tamqrah,Turne,Tamqrah.Turne@yopmail.com,6
100,Wileen,Fink,Wileen.Fink@yopmail.com,9
101,Angelique,Presber,Angelique.Presber@yopmail.com,10
102,Jacquetta,Tippets,Jacquetta.Tippets@yopmail.com,3
103,Corina,Fry,Corina.Fry@yopmail.com,2
104,Ekaterina,Barrus,Ekaterina.Barrus@yopmail.com,9
105,Albertina,Zamora,Albertina.Zamora@yopmail.com,9
106,Joleen,Eliathas,Joleen.Eliathas@yopmail.com,2
107,Amara,Joachim,Amara.Joachim@yopmail.com,1
108,Ana,Bennie,Ana.Bennie@yopmail.com,10
109,Jordan,Ochs,Jordan.Ochs@yopmail.com,7
110,Roseline,Parsaye,Roseline.Parsaye@yopmail.com,6
111,Lorenza,Noam,Lorenza.Noam@yopmail.com,5
112,Bobinette,Etom,Bobinette.Etom@yopmail.com,10
113,Molli,Kannry,Molli.Kannry@yopmail.com,7
114,Belva,Abbot,Belva.Abbot@yopmail.com,10
115,Misha,Schroth,Misha.Schroth@yopmail.com,1
116,Jeanna,Kazimir,Jeanna.Kazimir@yopmail.com,8
117,Merle,Belldas,Merle.Belldas@yopmail.com,1
118,Vere,Morehouse,Vere.Morehouse@yopmail.com,3
119,Dale,Gilmour,Dale.Gilmour@yopmail.com,10
120,Rebeca,Charity,Rebeca.Charity@yopmail.com,2
121,Leontine,Himelman,Leontine.Himelman@yopmail.com,5
122,Sheree,Standing,Sheree.Standing@yopmail.com,2
123,Rori,Luhe,Rori.Luhe@yopmail.com,7
124,Konstance,Haymes,Konstance.Haymes@yopmail.com,9
125,Joelly,Simmonds,Joelly.Simmonds@yopmail.com,7
126,Ida,Rocray,Ida.Rocray@yopmail.com,8
127,Kalina,Miru,Kalina.Miru@yopmail.com,5
128,Lenna,Tiffa,Lenna.Tiffa@yopmail.com,4
129,Moyna,Fiester,Moyna.Fiester@yopmail.com,10
130,Rochette,Rosalba,Rochette.Rosalba@yopmail.com,7
131,Therine,Ardeha,Therine.Ardeha@yopmail.com,10
132,Shandie,Dawkins,Shandie.Dawkins@yopmail.com,8
133,Alleen,Garek,Alleen.Garek@yopmail.com,9
134,Nadine,Dudley,Nadine.Dudley@yopmail.com,4
135,Dianemarie,Dearborn,Dianemarie.Dearborn@yopmail.com,4
136,Jolyn,Byrne,Jolyn.Byrne@yopmail.com,3
137,Cordi,Janene,Cordi.Janene@yopmail.com,9
138,Joleen,Maurine,Joleen.Maurine@yopmail.com,6
139,Renie,Monaco,Renie.Monaco@yopmail.com,6
140,Barbara,Whiffen,Barbara.Whiffen@yopmail.com,5
141,Kellen,Oscar,Kellen.Oscar@yopmail.com,8
142,Debee,Eno,Debee.Eno@yopmail.com,8
143,Nariko,Maribeth,Nariko.Maribeth@yopmail.com,4
144,Concettina,Boycey,Concettina.Boycey@yopmail.com,6
145,Leeanne,Sholley,Leeanne.Sholley@yopmail.com,10
146,Berta,Holtz,Berta.Holtz@yopmail.com,9
147,Stacey,Seessel,Stacey.Seessel@yopmail.com,3
148,Sarette,Radu,Sarette.Radu@yopmail.com,6
149,Tamqrah,Turne,Tamqrah.Turne@yopmail.com,6
100,Wileen,Fink,Wileen.Fink@yopmail.com,9
101,Angelique,Presber,Angelique.Presber@yopmail.com,10
102,Jacquetta,Tippets,Jacquetta.Tippets@yopmail.com,3
103,Corina,Fry,Corina.Fry@yopmail.com,2
104,Ekaterina,Barrus,Ekaterina.Barrus@yopmail.com,9
105,Albertina,Zamora,Albertina.Zamora@yopmail.com,9
106,Joleen,Eliathas,Joleen.Eliathas@yopmail.com,2
107,Amara,Joachim,Amara.Joachim@yopmail.com,1
108,Ana,Bennie,Ana.Bennie@yopmail.com,10
109,Jordan,Ochs,Jordan.Ochs@yopmail.com,7
110,Roseline,Parsaye,Roseline.Parsaye@yopmail.com,6
111,Lorenza,Noam,Lorenza.Noam@yopmail.com,5
112,Bobinette,Etom,Bobinette.Etom@yopmail.com,10
113,Molli,Kannry,Molli.Kannry@yopmail.com,7
114,Belva,Abbot,Belva.Abbot@yopmail.com,10
115,Misha,Schroth,Misha.Schroth@yopmail.com,1
116,Jeanna,Kazimir,Jeanna.Kazimir@yopmail.com,8
117,Merle,Belldas,Merle.Belldas@yopmail.com,1
118,Vere,Morehouse,Vere.Morehouse@yopmail.com,3
119,Dale,Gilmour,Dale.Gilmour@yopmail.com,10
120,Rebeca,Charity,Rebeca.Charity@yopmail.com,2
121,Leontine,Himelman,Leontine.Himelman@yopmail.com,5
122,Sheree,Standing,Sheree.Standing@yopmail.com,2
123,Rori,Luhe,Rori.Luhe@yopmail.com,7
124,Konstance,Haymes,Konstance.Haymes@yopmail.com,9
125,Joelly,Simmonds,Joelly.Simmonds@yopmail.com,7
126,Ida,Rocray,Ida.Rocray@yopmail.com,8
127,Kalina,Miru,Kalina.Miru@yopmail.com,5
128,Lenna,Tiffa,Lenna.Tiffa@yopmail.com,4
129,Moyna,Fiester,Moyna.Fiester@yopmail.com,10
130,Rochette,Rosalba,Rochette.Rosalba@yopmail.com,7
131,Therine,Ardeha,Therine.Ardeha@yopmail.com,10
132,Shandie,Dawkins,Shandie.Dawkins@yopmail.com,8
133,Alleen,Garek,Alleen.Garek@yopmail.com,9
134,Nadine,Dudley,Nadine.Dudley@yopmail.com,4
135,Dianemarie,Dearborn,Dianemarie.Dearborn@yopmail.com,4
136,Jolyn,Byrne,Jolyn.Byrne@yopmail.com,3
137,Cordi,Janene,Cordi.Janene@yopmail.com,9
138,Joleen,Maurine,Joleen.Maurine@yopmail.com,6
139,Renie,Monaco,Renie.Monaco@yopmail.com,6
140,Barbara,Whiffen,Barbara.Whiffen@yopmail.com,5
141,Kellen,Oscar,Kellen.Oscar@yopmail.com,8
142,Debee,Eno,Debee.Eno@yopmail.com,8
143,Nariko,Maribeth,Nariko.Maribeth@yopmail.com,4
144,Concettina,Boycey,Concettina.Boycey@yopmail.com,6
145,Leeanne,Sholley,Leeanne.Sholley@yopmail.com,10
146,Berta,Holtz,Berta.Holtz@yopmail.com,9
147,Stacey,Seessel,Stacey.Seessel@yopmail.com,3
148,Sarette,Radu,Sarette.Radu@yopmail.com,6
149,Tamqrah,Turne,Tamqrah.Turne@yopmail.com,6
100,Wileen,Fink,Wileen.Fink@yopmail.com,9
101,Angelique,Presber,Angelique.Presber@yopmail.com,10
102,Jacquetta,Tippets,Jacquetta.Tippets@yopmail.com,3
103,Corina,Fry,Corina.Fry@yopmail.com,2
104,Ekaterina,Barrus,Ekaterina.Barrus@yopmail.com,9
105,Albertina,Zamora,Albertina.Zamora@yopmail.com,9
106,Joleen,Eliathas,Joleen.Eliathas@yopmail.com,2
107,Amara,Joachim,Amara.Joachim@yopmail.com,1
108,Ana,Bennie,Ana.Bennie@yopmail.com,10
109,Jordan,Ochs,Jordan.Ochs@yopmail.com,7
110,Roseline,Parsaye,Roseline.Parsaye@yopmail.com,6
111,Lorenza,Noam,Lorenza.Noam@yopmail.com,5
112,Bobinette,Etom,Bobinette.Etom@yopmail.com,10
113,Molli,Kannry,Molli.Kannry@yopmail.com,7
114,Belva,Abbot,Belva.Abbot@yopmail.com,10
115,Misha,Schroth,Misha.Schroth@yopmail.com,1
116,Jeanna,Kazimir,Jeanna.Kazimir@yopmail.com,8
117,Merle,Belldas,Merle.Belldas@yopmail.com,1
118,Vere,Morehouse,Vere.Morehouse@yopmail.com,3
119,Dale,Gilmour,Dale.Gilmour@yopmail.com,10
120,Rebeca,Charity,Rebeca.Charity@yopmail.com,2
121,Leontine,Himelman,Leontine.Himelman@yopmail.com,5
122,Sheree,Standing,Sheree.Standing@yopmail.com,2
123,Rori,Luhe,Rori.Luhe@yopmail.com,7
124,Konstance,Haymes,Konstance.Haymes@yopmail.com,9
125,Joelly,Simmonds,Joelly.Simmonds@yopmail.com,7
126,Ida,Rocray,Ida.Rocray@yopmail.com,8
127,Kalina,Miru,Kalina.Miru@yopmail.com,5
128,Lenna,Tiffa,Lenna.Tiffa@yopmail.com,4
129,Moyna,Fiester,Moyna.Fiester@yopmail.com,10
130,Rochette,Rosalba,Rochette.Rosalba@yopmail.com,7
131,Therine,Ardeha,Therine.Ardeha@yopmail.com,10
132,Shandie,Dawkins,Shandie.Dawkins@yopmail.com,8
133,Alleen,Garek,Alleen.Garek@yopmail.com,9
134,Nadine,Dudley,Nadine.Dudley@yopmail.com,4
135,Dianemarie,Dearborn,Dianemarie.Dearborn@yopmail.com,4
136,Jolyn,Byrne,Jolyn.Byrne@yopmail.com,3
137,Cordi,Janene,Cordi.Janene@yopmail.com,9
138,Joleen,Maurine,Joleen.Maurine@yopmail.com,6
139,Renie,Monaco,Renie.Monaco@yopmail.com,6
140,Barbara,Whiffen,Barbara.Whiffen@yopmail.com,5
141,Kellen,Oscar,Kellen.Oscar@yopmail.com,8
142,Debee,Eno,Debee.Eno@yopmail.com,8
143,Nariko,Maribeth,Nariko.Maribeth@yopmail.com,4
144,Concettina,Boycey,Concettina.Boycey@yopmail.com,6
145,Leeanne,Sholley,Leeanne.Sholley@yopmail.com,10
146,Berta,Holtz,Berta.Holtz@yopmail.com,9
147,Stacey,Seessel,Stacey.Seessel@yopmail.com,3
148,Sarette,Radu,Sarette.Radu@yopmail.com,6
149,Tamqrah,Turne,Tamqrah.Turne@yopmail.com,6
100,Wileen,Fink,Wileen.Fink@yopmail.com,9
101,Angelique,Presber,Angelique.Presber@yopmail.com,10
102,Jacquetta,Tippets,Jacquetta.Tippets@yopmail.com,3
103,Corina,Fry,Corina.Fry@yopmail.com,2
104,Ekaterina,Barrus,Ekaterina.Barrus@yopmail.com,9
105,Albertina,Zamora,Albertina.Zamora@yopmail.com,9
106,Joleen,Eliathas,Joleen.Eliathas@yopmail.com,2
107,Amara,Joachim,Amara.Joachim@yopmail.com,1
108,Ana,Bennie,Ana.Bennie@yopmail.com,10
109,Jordan,Ochs,Jordan.Ochs@yopmail.com,7
110,Roseline,Parsaye,Roseline.Parsaye@yopmail.com,6
111,Lorenza,Noam,Lorenza.Noam@yopmail.com,5
112,Bobinette,Etom,Bobinette.Etom@yopmail.com,10
113,Molli,Kannry,Molli.Kannry@yopmail.com,7
114,Belva,Abbot,Belva.Abbot@yopmail.com,10
115,Misha,Schroth,Misha.Schroth@yopmail.com,1
116,Jeanna,Kazimir,Jeanna.Kazimir@yopmail.com,8
117,Merle,Belldas,Merle.Belldas@yopmail.com,1
118,Vere,Morehouse,Vere.Morehouse@yopmail.com,3
119,Dale,Gilmour,Dale.Gilmour@yopmail.com,10
120,Rebeca,Charity,Rebeca.Charity@yopmail.com,2
121,Leontine,Himelman,Leontine.Himelman@yopmail.com,5
122,Sheree,Standing,Sheree.Standing@yopmail.com,2
123,Rori,Luhe,Rori.Luhe@yopmail.com,7
124,Konstance,Haymes,Konstance.Haymes@yopmail.com,9
125,Joelly,Simmonds,Joelly.Simmonds@yopmail.com,7
126,Ida,Rocray,Ida.Rocray@yopmail.com,8
127,Kalina,Miru,Kalina.Miru@yopmail.com,5
128,Lenna,Tiffa,Lenna.Tiffa@yopmail.com,4
129,Moyna,Fiester,Moyna.Fiester@yopmail.com,10
130,Rochette,Rosalba,Rochette.Rosalba@yopmail.com,7
131,Therine,Ardeha,Therine.Ardeha@yopmail.com,10
132,Shandie,Dawkins,Shandie.Dawkins@yopmail.com,8
133,Alleen,Garek,Alleen.Garek@yopmail.com,9
134,Nadine,Dudley,Nadine.Dudley@yopmail.com,4
135,Dianemarie,Dearborn,Dianemarie.Dearborn@yopmail.com,4
136,Jolyn,Byrne,Jolyn.Byrne@yopmail.com,3
137,Cordi,Janene,Cordi.Janene@yopmail.com,9
138,Joleen,Maurine,Joleen.Maurine@yopmail.com,6
139,Renie,Monaco,Renie.Monaco@yopmail.com,6
140,Barbara,Whiffen,Barbara.Whiffen@yopmail.com,5
141,Kellen,Oscar,Kellen.Oscar@yopmail.com,8
142,Debee,Eno,Debee.Eno@yopmail.com,8
143,Nariko,Maribeth,Nariko.Maribeth@yopmail.com,4
144,Concettina,Boycey,Concettina.Boycey@yopmail.com,6
145,Leeanne,Sholley,Leeanne.Sholley@yopmail.com,10
146,Berta,Holtz,Berta.Holtz@yopmail.com,9
147,Stacey,Seessel,Stacey.Seessel@yopmail.com,3
148,Sarette,Radu,Sarette.Radu@yopmail.com,6
149,Tamqrah,Turne,Tamqrah.Turne@yopmail.com,6
100,Wileen,Fink,Wileen.Fink@yopmail.com,9
101,Angelique,Presber,Angelique.Presber@yopmail.com,10
102,Jacquetta,Tippets,Jacquetta.Tippets@yopmail.com,3
103,Corina,Fry,Corina.Fry@yopmail.com,2
104,Ekaterina,Barrus,Ekaterina.Barrus@yopmail.com,9
105,Albertina,Zamora,Albertina.Zamora@yopmail.com,9
106,Joleen,Eliathas,Joleen.Eliathas@yopmail.com,2
107,Amara,Joachim,Amara.Joachim@yopmail.com,1
108,Ana,Bennie,Ana.Bennie@yopmail.com,10
109,Jordan,Ochs,Jordan.Ochs@yopmail.com,7
110,Roseline,Parsaye,Roseline.Parsaye@yopmail.com,6
111,Lorenza,Noam,Lorenza.Noam@yopmail.com,5
112,Bobinette,Etom,Bobinette.Etom@yopmail.com,10
113,Molli,Kannry,Molli.Kannry@yopmail.com,7
114,Belva,Abbot,Belva.Abbot@yopmail.com,10
115,Misha,Schroth,Misha.Schroth@yopmail.com,1
116,Jeanna,Kazimir,Jeanna.Kazimir@yopmail.com,8
117,Merle,Belldas,Merle.Belldas@yopmail.com,1
118,Vere,Morehouse,Vere.Morehouse@yopmail.com,3
119,Dale,Gilmour,Dale.Gilmour@yopmail.com,10
120,Rebeca,Charity,Rebeca.Charity@yopmail.com,2
121,Leontine,Himelman,Leontine.Himelman@yopmail.com,5
122,Sheree,Standing,Sheree.Standing@yopmail.com,2
123,Rori,Luhe,Rori.Luhe@yopmail.com,7
124,Konstance,Haymes,Konstance.Haymes@yopmail.com,9
125,Joelly,Simmonds,Joelly.Simmonds@yopmail.com,7
126,Ida,Rocray,Ida.Rocray@yopmail.com,8
127,Kalina,Miru,Kalina.Miru@yopmail.com,5
128,Lenna,Tiffa,Lenna.Tiffa@yopmail.com,4
129,Moyna,Fiester,Moyna.Fiester@yopmail.com,10
130,Rochette,Rosalba,Rochette.Rosalba@yopmail.com,7
131,Therine,Ardeha,Therine.Ardeha@yopmail.com,10
132,Shandie,Dawkins,Shandie.Dawkins@yopmail.com,8
133,Alleen,Garek,Alleen.Garek@yopmail.com,9
134,Nadine,Dudley,Nadine.Dudley@yopmail.com,4
135,Dianemarie,Dearborn,Dianemarie.Dearborn@yopmail.com,4
136,Jolyn,Byrne,Jolyn.Byrne@yopmail.com,3
137,Cordi,Janene,Cordi.Janene@yopmail.com,9
138,Joleen,Maurine,Joleen.Maurine@yopmail.com,6
139,Renie,Monaco,Renie.Monaco@yopmail.com,6
140,Barbara,Whiffen,Barbara.Whiffen@yopmail.com,5
141,Kellen,Oscar,Kellen.Oscar@yopmail.com,8
142,Debee,Eno,Debee.Eno@yopmail.com,8
143,Nariko,Maribeth,Nariko.Maribeth@yopmail.com,4
144,Concettina,Boycey,Concettina.Boycey@yopmail.com,6
145,Leeanne,Sholley,Leeanne.Sholley@yopmail.com,10
146,Berta,Holtz,Berta.Holtz@yopmail.com,9
147,Stacey,Seessel,Stacey.Seessel@yopmail.com,3
148,Sarette,Radu,Sarette.Radu@yopmail.com,6
149,Tamqrah,Turne,Tamqrah.Turne@yopmail.com,6
100,Wileen,Fink,Wileen.Fink@yopmail.com,9
101,Angelique,Presber,Angelique.Presber@yopmail.com,10
102,Jacquetta,Tippets,Jacquetta.Tippets@yopmail.com,3
103,Corina,Fry,Corina.Fry@yopmail.com,2
104,Ekaterina,Barrus,Ekaterina.Barrus@yopmail.com,9
105,Albertina,Zamora,Albertina.Zamora@yopmail.com,9
106,Joleen,Eliathas,Joleen.Eliathas@yopmail.com,2
107,Amara,Joachim,Amara.Joachim@yopmail.com,1
108,Ana,Bennie,Ana.Bennie@yopmail.com,10
109,Jordan,Ochs,Jordan.Ochs@yopmail.com,7
110,Roseline,Parsaye,Roseline.Parsaye@yopmail.com,6
111,Lorenza,Noam,Lorenza.Noam@yopmail.com,5
112,Bobinette,Etom,Bobinette.Etom@yopmail.com,10
113,Molli,Kannry,Molli.Kannry@yopmail.com,7
114,Belva,Abbot,Belva.Abbot@yopmail.com,10
115,Misha,Schroth,Misha.Schroth@yopmail.com,1
116,Jeanna,Kazimir,Jeanna.Kazimir@yopmail.com,8
117,Merle,Belldas,Merle.Belldas@yopmail.com,1
118,Vere,Morehouse,Vere.Morehouse@yopmail.com,3
119,Dale,Gilmour,Dale.Gilmour@yopmail.com,10
120,Rebeca,Charity,Rebeca.Charity@yopmail.com,2
121,Leontine,Himelman,Leontine.Himelman@yopmail.com,5
122,Sheree,Standing,Sheree.Standing@yopmail.com,2
123,Rori,Luhe,Rori.Luhe@yopmail.com,7
124,Konstance,Haymes,Konstance.Haymes@yopmail.com,9
125,Joelly,Simmonds,Joelly.Simmonds@yopmail.com,7
126,Ida,Rocray,Ida.Rocray@yopmail.com,8
127,Kalina,Miru,Kalina.Miru@yopmail.com,5
128,Lenna,Tiffa,Lenna.Tiffa@yopmail.com,4
129,Moyna,Fiester,Moyna.Fiester@yopmail.com,10
130,Rochette,Rosalba,Rochette.Rosalba@yopmail.com,7
131,Therine,Ardeha,Therine.Ardeha@yopmail.com,10
132,Shandie,Dawkins,Shandie.Dawkins@yopmail.com,8
133,Alleen,Garek,Alleen.Garek@yopmail.com,9
134,Nadine,Dudley,Nadine.Dudley@yopmail.com,4
135,Dianemarie,Dearborn,Dianemarie.Dearborn@yopmail.com,4
136,Jolyn,Byrne,Jolyn.Byrne@yopmail.com,3
137,Cordi,Janene,Cordi.Janene@yopmail.com,9
138,Joleen,Maurine,Joleen.Maurine@yopmail.com,6
139,Renie,Monaco,Renie.Monaco@yopmail.com,6
140,Barbara,Whiffen,Barbara.Whiffen@yopmail.com,5
141,Kellen,Oscar,Kellen.Oscar@yopmail.com,8
142,Debee,Eno,Debee.Eno@yopmail.com,8
143,Nariko,Maribeth,Nariko.Maribeth@yopmail.com,4
144,Concettina,Boycey,Concettina.Boycey@yopmail.com,6
145,Leeanne,Sholley,Leeanne.Sholley@yopmail.com,10
146,Berta,Holtz,Berta.Holtz@yopmail.com,9
147,Stacey,Seessel,Stacey.Seessel@yopmail.com,3
148,Sarette,Radu,Sarette.Radu@yopmail.com,6
149,Tamqrah,Turne,Tamqrah.Turne@yopmail.com,6
100,Wileen,Fink,Wileen.Fink@yopmail.com,9
101,Angelique,Presber,Angelique.Presber@yopmail.com,10
102,Jacquetta,Tippets,Jacquetta.Tippets@yopmail.com,3
103,Corina,Fry,Corina.Fry@yopmail.com,2
104,Ekaterina,Barrus,Ekaterina.Barrus@yopmail.com,9
105,Albertina,Zamora,Albertina.Zamora@yopmail.com,9
106,Joleen,Eliathas,Joleen.Eliathas@yopmail.com,2
107,Amara,Joachim,Amara.Joachim@yopmail.com,1
108,Ana,Bennie,Ana.Bennie@yopmail.com,10
109,Jordan,Ochs,Jordan.Ochs@yopmail.com,7
110,Roseline,Parsaye,Roseline.Parsaye@yopmail.com,6
111,Lorenza,Noam,Lorenza.Noam@yopmail.com,5
112,Bobinette,Etom,Bobinette.Etom@yopmail.com,10
113,Molli,Kannry,Molli.Kannry@yopmail.com,7
114,Belva,Abbot,Belva.Abbot@yopmail.com,10
115,Misha,Schroth,Misha.Schroth@yopmail.com,1
116,Jeanna,Kazimir,Jeanna.Kazimir@yopmail.com,8
117,Merle,Belldas,Merle.Belldas@yopmail.com,1
118,Vere,Morehouse,Vere.Morehouse@yopmail.com,3
119,Dale,Gilmour,Dale.Gilmour@yopmail.com,10
120,Rebeca,Charity,Rebeca.Charity@yopmail.com,2
121,Leontine,Himelman,Leontine.Himelman@yopmail.com,5
122,Sheree,Standing,Sheree.Standing@yopmail.com,2
123,Rori,Luhe,Rori.Luhe@yopmail.com,7
124,Konstance,Haymes,Konstance.Haymes@yopmail.com,9
125,Joelly,Simmonds,Joelly.Simmonds@yopmail.com,7
126,Ida,Rocray,Ida.Rocray@yopmail.com,8
127,Kalina,Miru,Kalina.Miru@yopmail.com,5
128,Lenna,Tiffa,Lenna.Tiffa@yopmail.com,4
129,Moyna,Fiester,Moyna.Fiester@yopmail.com,10
130,Rochette,Rosalba,Rochette.Rosalba@yopmail.com,7
131,Therine,Ardeha,Therine.Ardeha@yopmail.com,10
132,Shandie,Dawkins,Shandie.Dawkins@yopmail.com,8
133,Alleen,Garek,Alleen.Garek@yopmail.com,9
134,Nadine,Dudley,Nadine.Dudley@yopmail.com,4
135,Dianemarie,Dearborn,Dianemarie.Dearborn@yopmail.com,4
136,Jolyn,Byrne,Jolyn.Byrne@yopmail.com,3
137,Cordi,Janene,Cordi.Janene@yopmail.com,9
138,Joleen,Maurine,Joleen.Maurine@yopmail.com,6
139,Renie,Monaco,Renie.Monaco@yopmail.com,6
140,Barbara,Whiffen,Barbara.Whiffen@yopmail.com,5
141,Kellen,Oscar,Kellen.Oscar@yopmail.com,8
142,Debee,Eno,Debee.Eno@yopmail.com,8
143,Nariko,Maribeth,Nariko.Maribeth@yopmail.com,4
144,Concettina,Boycey,Concettina.Boycey@yopmail.com,6
145,Leeanne,Sholley,Leeanne.Sholley@yopmail.com,10
146,Berta,Holtz,Berta.Holtz@yopmail.com,9
147,Stacey,Seessel,Stacey.Seessel@yopmail.com,3
148,Sarette,Radu,Sarette.Radu@yopmail.com,6
149,Tamqrah,Turne,Tamqrah.Turne@yopmail.com,6
100,Wileen,Fink,Wileen.Fink@yopmail.com,9
101,Angelique,Presber,Angelique.Presber@yopmail.com,10
102,Jacquetta,Tippets,Jacquetta.Tippets@yopmail.com,3
103,Corina,Fry,Corina.Fry@yopmail.com,2
104,Ekaterina,Barrus,Ekaterina.Barrus@yopmail.com,9
105,Albertina,Zamora,Albertina.Zamora@yopmail.com,9
106,Joleen,Eliathas,Joleen.Eliathas@yopmail.com,2
107,Amara,Joachim,Amara.Joachim@yopmail.com,1
108,Ana,Bennie,Ana.Bennie@yopmail.com,10
109,Jordan,Ochs,Jordan.Ochs@yopmail.com,7
110,Roseline,Parsaye,Roseline.Parsaye@yopmail.com,6
111,Lorenza,Noam,Lorenza.Noam@yopmail.com,5
112,Bobinette,Etom,Bobinette.Etom@yopmail.com,10
113,Molli,Kannry,Molli.Kannry@yopmail.com,7
114,Belva,Abbot,Belva.Abbot@yopmail.com,10
115,Misha,Schroth,Misha.Schroth@yopmail.com,1
116,Jeanna,Kazimir,Jeanna.Kazimir@yopmail.com,8
117,Merle,Belldas,Merle.Belldas@yopmail.com,1
118,Vere,Morehouse,Vere.Morehouse@yopmail.com,3
119,Dale,Gilmour,Dale.Gilmour@yopmail.com,10
120,Rebeca,Charity,Rebeca.Charity@yopmail.com,2
121,Leontine,Himelman,Leontine.Himelman@yopmail.com,5
122,Sheree,Standing,Sheree.Standing@yopmail.com,2
123,Rori,Luhe,Rori.Luhe@yopmail.com,7
124,Konstance,Haymes,Konstance.Haymes@yopmail.com,9
125,Joelly,Simmonds,Joelly.Simmonds@yopmail.com,7
126,Ida,Rocray,Ida.Rocray@yopmail.com,8
127,Kalina,Miru,Kalina.Miru@yopmail.com,5
128,Lenna,Tiffa,Lenna.Tiffa@yopmail.com,4
129,Moyna,Fiester,Moyna.Fiester@yopmail.com,10
130,Rochette,Rosalba,Rochette.Rosalba@yopmail.com,7
131,Therine,Ardeha,Therine.Ardeha@yopmail.com,10
132,Shandie,Dawkins,Shandie.Dawkins@yopmail.com,8
133,Alleen,Garek,Alleen.Garek@yopmail.com,9
134,Nadine,Dudley,Nadine.Dudley@yopmail.com,4
135,Dianemarie,Dearborn,Dianemarie.Dearborn@yopmail.com,4
136,Jolyn,Byrne,Jolyn.Byrne@yopmail.com,3
137,Cordi,Janene,Cordi.Janene@yopmail.com,9
138,Joleen,Maurine,Joleen.Maurine@yopmail.com,6
139,Renie,Monaco,Renie.Monaco@yopmail.com,6
140,Barbara,Whiffen,Barbara.Whiffen@yopmail.com,5
141,Kellen,Oscar,Kellen.Oscar@yopmail.com,8
142,Debee,Eno,Debee.Eno@yopmail.com,8
143,Nariko,Maribeth,Nariko.Maribeth@yopmail.com,4
144,Concettina,Boycey,Concettina.Boycey@yopmail.com,6
145,Leeanne,Sholley,Leeanne.Sholley@yopmail.com,10
146,Berta,Holtz,Berta.Holtz@yopmail.com,9
147,Stacey,Seessel,Stacey.Seessel@yopmail.com,3
148,Sarette,Radu,Sarette.Radu@yopmail.com,6
149,Tamqrah,Turne,Tamqrah.Turne@yopmail.com,6
100,Wileen,Fink,Wileen.Fink@yopmail.com,9
101,Angelique,Presber,Angelique.Presber@yopmail.com,10
102,Jacquetta,Tippets,Jacquetta.Tippets@yopmail.com,3
103,Corina,Fry,Corina.Fry@yopmail.com,2
104,Ekaterina,Barrus,Ekaterina.Barrus@yopmail.com,9
105,Albertina,Zamora,Albertina.Zamora@yopmail.com,9
106,Joleen,Eliathas,Joleen.Eliathas@yopmail.com,2
107,Amara,Joachim,Amara.Joachim@yopmail.com,1
108,Ana,Bennie,Ana.Bennie@yopmail.com,10
109,Jordan,Ochs,Jordan.Ochs@yopmail.com,7
110,Roseline,Parsaye,Roseline.Parsaye@yopmail.com,6
111,Lorenza,Noam,Lorenza.Noam@yopmail.com,5
112,Bobinette,Etom,Bobinette.Etom@yopmail.com,10
113,Molli,Kannry,Molli.Kannry@yopmail.com,7
114,Belva,Abbot,Belva.Abbot@yopmail.com,10
115,Misha,Schroth,Misha.Schroth@yopmail.com,1
116,Jeanna,Kazimir,Jeanna.Kazimir@yopmail.com,8
117,Merle,Belldas,Merle.Belldas@yopmail.com,1
118,Vere,Morehouse,Vere.Morehouse@yopmail.com,3
119,Dale,Gilmour,Dale.Gilmour@yopmail.com,10
120,Rebeca,Charity,Rebeca.Charity@yopmail.com,2
121,Leontine,Himelman,Leontine.Himelman@yopmail.com,5
122,Sheree,Standing,Sheree.Standing@yopmail.com,2
123,Rori,Luhe,Rori.Luhe@yopmail.com,7
124,Konstance,Haymes,Konstance.Haymes@yopmail.com,9
125,Joelly,Simmonds,Joelly.Simmonds@yopmail.com,7
126,Ida,Rocray,Ida.Rocray@yopmail.com,8
127,Kalina,Miru,Kalina.Miru@yopmail.com,5
128,Lenna,Tiffa,Lenna.Tiffa@yopmail.com,4
129,Moyna,Fiester,Moyna.Fiester@yopmail.com,10
130,Rochette,Rosalba,Rochette.Rosalba@yopmail.com,7
131,Therine,Ardeha,Therine.Ardeha@yopmail.com,10
132,Shandie,Dawkins,Shandie.Dawkins@yopmail.com,8
133,Alleen,Garek,Alleen.Garek@yopmail.com,9
134,Nadine,Dudley,Nadine.Dudley@yopmail.com,4
135,Dianemarie,Dearborn,Dianemarie.Dearborn@yopmail.com,4
136,Jolyn,Byrne,Jolyn.Byrne@yopmail.com,3
137,Cordi,Janene,Cordi.Janene@yopmail.com,9
138,Joleen,Maurine,Joleen.Maurine@yopmail.com,6
139,Renie,Monaco,Renie.Monaco@yopmail.com,6
140,Barbara,Whiffen,Barbara.Whiffen@yopmail.com,5
141,Kellen,Oscar,Kellen.Oscar@yopmail.com,8
142,Debee,Eno,Debee.Eno@yopmail.com,8
143,Nariko,Maribeth,Nariko.Maribeth@yopmail.com,4
144,Concettina,Boycey,Concettina.Boycey@yopmail.com,6
145,Leeanne,Sholley,Leeanne.Sholley@yopmail.com,10
146,Berta,Holtz,Berta.Holtz@yopmail.com,9
147,Stacey,Seessel,Stacey.Seessel@yopmail.com,3
148,Sarette,Radu,Sarette.Radu@yopmail.com,6
149,Tamqrah,Turne,Tamqrah.Turne@yopmail.com,6
100,Wileen,Fink,Wileen.Fink@yopmail.com,9
101,Angelique,Presber,Angelique.Presber@yopmail.com,10
102,Jacquetta,Tippets,Jacquetta.Tippets@yopmail.com,3
103,Corina,Fry,Corina.Fry@yopmail.com,2
104,Ekaterina,Barrus,Ekaterina.Barrus@yopmail.com,9
105,Albertina,Zamora,Albertina.Zamora@yopmail.com,9
106,Joleen,Eliathas,Joleen.Eliathas@yopmail.com,2
107,Amara,Joachim,Amara.Joachim@yopmail.com,1
108,Ana,Bennie,Ana.Bennie@yopmail.com,10
109,Jordan,Ochs,Jordan.Ochs@yopmail.com,7
110,Roseline,Parsaye,Roseline.Parsaye@yopmail.com,6
111,Lorenza,Noam,Lorenza.Noam@yopmail.com,5
112,Bobinette,Etom,Bobinette.Etom@yopmail.com,10
113,Molli,Kannry,Molli.Kannry@yopmail.com,7
114,Belva,Abbot,Belva.Abbot@yopmail.com,10
115,Misha,Schroth,Misha.Schroth@yopmail.com,1
116,Jeanna,Kazimir,Jeanna.Kazimir@yopmail.com,8
117,Merle,Belldas,Merle.Belldas@yopmail.com,1
118,Vere,Morehouse,Vere.Morehouse@yopmail.com,3
119,Dale,Gilmour,Dale.Gilmour@yopmail.com,10
120,Rebeca,Charity,Rebeca.Charity@yopmail.com,2
121,Leontine,Himelman,Leontine.Himelman@yopmail.com,5
122,Sheree,Standing,Sheree.Standing@yopmail.com,2
123,Rori,Luhe,Rori.Luhe@yopmail.com,7
124,Konstance,Haymes,Konstance.Haymes@yopmail.com,9
125,Joelly,Simmonds,Joelly.Simmonds@yopmail.com,7
126,Ida,Rocray,Ida.Rocray@yopmail.com,8
127,Kalina,Miru,Kalina.Miru@yopmail.com,5
128,Lenna,Tiffa,Lenna.Tiffa@yopmail.com,4
129,Moyna,Fiester,Moyna.Fiester@yopmail.com,10
130,Rochette,Rosalba,Rochette.Rosalba@yopmail.com,7
131,Therine,Ardeha,Therine.Ardeha@yopmail.com,10
132,Shandie,Dawkins,Shandie.Dawkins@yopmail.com,8
133,Alleen,Garek,Alleen.Garek@yopmail.com,9
134,Nadine,Dudley,Nadine.Dudley@yopmail.com,4
135,Dianemarie,Dearborn,Dianemarie.Dearborn@yopmail.com,4
136,Jolyn,Byrne,Jolyn.Byrne@yopmail.com,3
137,Cordi,Janene,Cordi.Janene@yopmail.com,9
138,Joleen,Maurine,Joleen.Maurine@yopmail.com,6
139,Renie,Monaco,Renie.Monaco@yopmail.com,6
140,Barbara,Whiffen,Barbara.Whiffen@yopmail.com,5
141,Kellen,Oscar,Kellen.Oscar@yopmail.com,8
142,Debee,Eno,Debee.Eno@yopmail.com,8
143,Nariko,Maribeth,Nariko.Maribeth@yopmail.com,4
144,Concettina,Boycey,Concettina.Boycey@yopmail.com,6
145,Leeanne,Sholley,Leeanne.Sholley@yopmail.com,10
146,Berta,Holtz,Berta.Holtz@yopmail.com,9
147,Stacey,Seessel,Stacey.Seessel@yopmail.com,3
148,Sarette,Radu,Sarette.Radu@yopmail.com,6
149,Tamqrah,Turne,Tamqrah.Turne@yopmail.com,6
100,Wileen,Fink,Wileen.Fink@yopmail.com,9
101,Angelique,Presber,Angelique.Presber@yopmail.com,10
102,Jacquetta,Tippets,Jacquetta.Tippets@yopmail.com,3
103,Corina,Fry,Corina.Fry@yopmail.com,2
104,Ekaterina,Barrus,Ekaterina.Barrus@yopmail.com,9
105,Albertina,Zamora,Albertina.Zamora@yopmail.com,9
106,Joleen,Eliathas,Joleen.Eliathas@yopmail.com,2
107,Amara,Joachim,Amara.Joachim@yopmail.com,1
108,Ana,Bennie,Ana.Bennie@yopmail.com,10
109,Jordan,Ochs,Jordan.Ochs@yopmail.com,7
110,Roseline,Parsaye,Roseline.Parsaye@yopmail.com,6
111,Lorenza,Noam,Lorenza.Noam@yopmail.com,5
112,Bobinette,Etom,Bobinette.Etom@yopmail.com,10
113,Molli,Kannry,Molli.Kannry@yopmail.com,7
114,Belva,Abbot,Belva.Abbot@yopmail.com,10
115,Misha,Schroth,Misha.Schroth@yopmail.com,1
116,Jeanna,Kazimir,Jeanna.Kazimir@yopmail.com,8
117,Merle,Belldas,Merle.Belldas@yopmail.com,1
118,Vere,Morehouse,Vere.Morehouse@yopmail.com,3
119,Dale,Gilmour,Dale.Gilmour@yopmail.com,10
120,Rebeca,Charity,Rebeca.Charity@yopmail.com,2
121,Leontine,Himelman,Leontine.Himelman@yopmail.com,5
122,Sheree,Standing,Sheree.Standing@yopmail.com,2
123,Rori,Luhe,Rori.Luhe@yopmail.com,7
124,Konstance,Haymes,Konstance.Haymes@yopmail.com,9
125,Joelly,Simmonds,Joelly.Simmonds@yopmail.com,7
126,Ida,Rocray,Ida.Rocray@yopmail.com,8
127,Kalina,Miru,Kalina.Miru@yopmail.com,5
128,Lenna,Tiffa,Lenna.Tiffa@yopmail.com,4
129,Moyna,Fiester,Moyna.Fiester@yopmail.com,10
130,Rochette,Rosalba,Rochette.Rosalba@yopmail.com,7
131,Therine,Ardeha,Therine.Ardeha@yopmail.com,10
132,Shandie,Dawkins,Shandie.Dawkins@yopmail.com,8
133,Alleen,Garek,Alleen.Garek@yopmail.com,9
134,Nadine,Dudley,Nadine.Dudley@yopmail.com,4
135,Dianemarie,Dearborn,Dianemarie.Dearborn@yopmail.com,4
136,Jolyn,Byrne,Jolyn.Byrne@yopmail.com,3
137,Cordi,Janene,Cordi.Janene@yopmail.com,9
138,Joleen,Maurine,Joleen.Maurine@yopmail.com,6
139,Renie,Monaco,Renie.Monaco@yopmail.com,6
140,Barbara,Whiffen,Barbara.Whiffen@yopmail.com,5
141,Kellen,Oscar,Kellen.Oscar@yopmail.com,8
142,Debee,Eno,Debee.Eno@yopmail.com,8
143,Nariko,Maribeth,Nariko.Maribeth@yopmail.com,4
144,Concettina,Boycey,Concettina.Boycey@yopmail.com,6
145,Leeanne,Sholley,Leeanne.Sholley@yopmail.com,10
146,Berta,Holtz,Berta.Holtz@yopmail.com,9
147,Stacey,Seessel,Stacey.Seessel@yopmail.com,3
148,Sarette,Radu,Sarette.Radu@yopmail.com,6
149,Tamqrah,Turne,Tamqrah.Turne@yopmail.com,6
100,Wileen,Fink,Wileen.Fink@yopmail.com,9
101,Angelique,Presber,Angelique.Presber@yopmail.com,10
102,Jacquetta,Tippets,Jacquetta.Tippets@yopmail.com,3
103,Corina,Fry,Corina.Fry@yopmail.com,2
104,Ekaterina,Barrus,Ekaterina.Barrus@yopmail.com,9
105,Albertina,Zamora,Albertina.Zamora@yopmail.com,9
106,Joleen,Eliathas,Joleen.Eliathas@yopmail.com,2
107,Amara,Joachim,Amara.Joachim@yopmail.com,1
108,Ana,Bennie,Ana.Bennie@yopmail.com,10
109,Jordan,Ochs,Jordan.Ochs@yopmail.com,7
110,Roseline,Parsaye,Roseline.Parsaye@yopmail.com,6
111,Lorenza,Noam,Lorenza.Noam@yopmail.com,5
112,Bobinette,Etom,Bobinette.Etom@yopmail.com,10
113,Molli,Kannry,Molli.Kannry@yopmail.com,7
114,Belva,Abbot,Belva.Abbot@yopmail.com,10
115,Misha,Schroth,Misha.Schroth@yopmail.com,1
116,Jeanna,Kazimir,Jeanna.Kazimir@yopmail.com,8
117,Merle,Belldas,Merle.Belldas@yopmail.com,1
118,Vere,Morehouse,Vere.Morehouse@yopmail.com,3
119,Dale,Gilmour,Dale.Gilmour@yopmail.com,10
120,Rebeca,Charity,Rebeca.Charity@yopmail.com,2
121,Leontine,Himelman,Leontine.Himelman@yopmail.com,5
122,Sheree,Standing,Sheree.Standing@yopmail.com,2
123,Rori,Luhe,Rori.Luhe@yopmail.com,7
124,Konstance,Haymes,Konstance.Haymes@yopmail.com,9
125,Joelly,Simmonds,Joelly.Simmonds@yopmail.com,7
126,Ida,Rocray,Ida.Rocray@yopmail.com,8
127,Kalina,Miru,Kalina.Miru@yopmail.com,5
128,Lenna,Tiffa,Lenna.Tiffa@yopmail.com,4
129,Moyna,Fiester,Moyna.Fiester@yopmail.com,10
130,Rochette,Rosalba,Rochette.Rosalba@yopmail.com,7
131,Therine,Ardeha,Therine.Ardeha@yopmail.com,10
132,Shandie,Dawkins,Shandie.Dawkins@yopmail.com,8
133,Alleen,Garek,Alleen.Garek@yopmail.com,9
134,Nadine,Dudley,Nadine.Dudley@yopmail.com,4
135,Dianemarie,Dearborn,Dianemarie.Dearborn@yopmail.com,4
136,Jolyn,Byrne,Jolyn.Byrne@yopmail.com,3
137,Cordi,Janene,Cordi.Janene@yopmail.com,9
138,Joleen,Maurine,Joleen.Maurine@yopmail.com,6
139,Renie,Monaco,Renie.Monaco@yopmail.com,6
140,Barbara,Whiffen,Barbara.Whiffen@yopmail.com,5
141,Kellen,Oscar,Kellen.Oscar@yopmail.com,8
142,Debee,Eno,Debee.Eno@yopmail.com,8
143,Nariko,Maribeth,Nariko.Maribeth@yopmail.com,4
144,Concettina,Boycey,Concettina.Boycey@yopmail.com,6
145,Leeanne,Sholley,Leeanne.Sholley@yopmail.com,10
146,Berta,Holtz,Berta.Holtz@yopmail.com,9
147,Stacey,Seessel,Stacey.Seessel@yopmail.com,3
148,Sarette,Radu,Sarette.Radu@yopmail.com,6
149,Tamqrah,Turne,Tamqrah.Turne@yopmail.com,6
100,Wileen,Fink,Wileen.Fink@yopmail.com,9
101,Angelique,Presber,Angelique.Presber@yopmail.com,10
102,Jacquetta,Tippets,Jacquetta.Tippets@yopmail.com,3
103,Corina,Fry,Corina.Fry@yopmail.com,2
104,Ekaterina,Barrus,Ekaterina.Barrus@yopmail.com,9
105,Albertina,Zamora,Albertina.Zamora@yopmail.com,9
106,Joleen,Eliathas,Joleen.Eliathas@yopmail.com,2
107,Amara,Joachim,Amara.Joachim@yopmail.com,1
108,Ana,Bennie,Ana.Bennie@yopmail.com,10
109,Jordan,Ochs,Jordan.Ochs@yopmail.com,7
110,Roseline,Parsaye,Roseline.Parsaye@yopmail.com,6
111,Lorenza,Noam,Lorenza.Noam@yopmail.com,5
112,Bobinette,Etom,Bobinette.Etom@yopmail.com,10
113,Molli,Kannry,Molli.Kannry@yopmail.com,7
114,Belva,Abbot,Belva.Abbot@yopmail.com,10
115,Misha,Schroth,Misha.Schroth@yopmail.com,1
116,Jeanna,Kazimir,Jeanna.Kazimir@yopmail.com,8
117,Merle,Belldas,Merle.Belldas@yopmail.com,1
118,Vere,Morehouse,Vere.Morehouse@yopmail.com,3
119,Dale,Gilmour,Dale.Gilmour@yopmail.com,10
120,Rebeca,Charity,Rebeca.Charity@yopmail.com,2
121,Leontine,Himelman,Leontine.Himelman@yopmail.com,5
122,Sheree,Standing,Sheree.Standing@yopmail.com,2
123,Rori,Luhe,Rori.Luhe@yopmail.com,7
124,Konstance,Haymes,Konstance.Haymes@yopmail.com,9
125,Joelly,Simmonds,Joelly.Simmonds@yopmail.com,7
126,Ida,Rocray,Ida.Rocray@yopmail.com,8
127,Kalina,Miru,Kalina.Miru@yopmail.com,5
128,Lenna,Tiffa,Lenna.Tiffa@yopmail.com,4
129,Moyna,Fiester,Moyna.Fiester@yopmail.com,10
130,Rochette,Rosalba,Rochette.Rosalba@yopmail.com,7
131,Therine,Ardeha,Therine.Ardeha@yopmail.com,10
132,Shandie,Dawkins,Shandie.Dawkins@yopmail.com,8
133,Alleen,Garek,Alleen.Garek@yopmail.com,9
134,Nadine,Dudley,Nadine.Dudley@yopmail.com,4
135,Dianemarie,Dearborn,Dianemarie.Dearborn@yopmail.com,4
136,Jolyn,Byrne,Jolyn.Byrne@yopmail.com,3
137,Cordi,Janene,Cordi.Janene@yopmail.com,9
138,Joleen,Maurine,Joleen.Maurine@yopmail.com,6
139,Renie,Monaco,Renie.Monaco@yopmail.com,6
140,Barbara,Whiffen,Barbara.Whiffen@yopmail.com,5
141,Kellen,Oscar,Kellen.Oscar@yopmail.com,8
142,Debee,Eno,Debee.Eno@yopmail.com,8
143,Nariko,Maribeth,Nariko.Maribeth@yopmail.com,4
144,Concettina,Boycey,Concettina.Boycey@yopmail.com,6
145,Leeanne,Sholley,Leeanne.Sholley@yopmail.com,10
146,Berta,Holtz,Berta.Holtz@yopmail.com,9
147,Stacey,Seessel,Stacey.Seessel@yopmail.com,3
148,Sarette,Radu,Sarette.Radu@yopmail.com,6
149,Tamqrah,Turne,Tamqrah.Turne@yopmail.com,6
100,Wileen,Fink,Wileen.Fink@yopmail.com,9
101,Angelique,Presber,Angelique.Presber@yopmail.com,10
102,Jacquetta,Tippets,Jacquetta.Tippets@yopmail.com,3
103,Corina,Fry,Corina.Fry@yopmail.com,2
104,Ekaterina,Barrus,Ekaterina.Barrus@yopmail.com,9
105,Albertina,Zamora,Albertina.Zamora@yopmail.com,9
106,Joleen,Eliathas,Joleen.Eliathas@yopmail.com,2
107,Amara,Joachim,Amara.Joachim@yopmail.com,1
108,Ana,Bennie,Ana.Bennie@yopmail.com,10
109,Jordan,Ochs,Jordan.Ochs@yopmail.com,7
110,Roseline,Parsaye,Roseline.Parsaye@yopmail.com,6
111,Lorenza,Noam,Lorenza.Noam@yopmail.com,5
112,Bobinette,Etom,Bobinette.Etom@yopmail.com,10
113,Molli,Kannry,Molli.Kannry@yopmail.com,7
114,Belva,Abbot,Belva.Abbot@yopmail.com,10
115,Misha,Schroth,Misha.Schroth@yopmail.com,1
116,Jeanna,Kazimir,Jeanna.Kazimir@yopmail.com,8
117,Merle,Belldas,Merle.Belldas@yopmail.com,1
118,Vere,Morehouse,Vere.Morehouse@yopmail.com,3
119,Dale,Gilmour,Dale.Gilmour@yopmail.com,10
120,Rebeca,Charity,Rebeca.Charity@yopmail.com,2
121,Leontine,Himelman,Leontine.Himelman@yopmail.com,5
122,Sheree,Standing,Sheree.Standing@yopmail.com,2
123,Rori,Luhe,Rori.Luhe@yopmail.com,7
124,Konstance,Haymes,Konstance.Haymes@yopmail.com,9
125,Joelly,Simmonds,Joelly.Simmonds@yopmail.com,7
126,Ida,Rocray,Ida.Rocray@yopmail.com,8
127,Kalina,Miru,Kalina.Miru@yopmail.com,5
128,Lenna,Tiffa,Lenna.Tiffa@yopmail.com,4
129,Moyna,Fiester,Moyna.Fiester@yopmail.com,10
130,Rochette,Rosalba,Rochette.Rosalba@yopmail.com,7
131,Therine,Ardeha,Therine.Ardeha@yopmail.com,10
132,Shandie,Dawkins,Shandie.Dawkins@yopmail.com,8
133,Alleen,Garek,Alleen.Garek@yopmail.com,9
134,Nadine,Dudley,Nadine.Dudley@yopmail.com,4
135,Dianemarie,Dearborn,Dianemarie.Dearborn@yopmail.com,4
136,Jolyn,Byrne,Jolyn.Byrne@yopmail.com,3
137,Cordi,Janene,Cordi.Janene@yopmail.com,9
138,Joleen,Maurine,Joleen.Maurine@yopmail.com,6
139,Renie,Monaco,Renie.Monaco@yopmail.com,6
140,Barbara,Whiffen,Barbara.Whiffen@yopmail.com,5
141,Kellen,Oscar,Kellen.Oscar@yopmail.com,8
142,Debee,Eno,Debee.Eno@yopmail.com,8
143,Nariko,Maribeth,Nariko.Maribeth@yopmail.com,4
144,Concettina,Boycey,Concettina.Boycey@yopmail.com,6
145,Leeanne,Sholley,Leeanne.Sholley@yopmail.com,10
146,Berta,Holtz,Berta.Holtz@yopmail.com,9
147,Stacey,Seessel,Stacey.Seessel@yopmail.com,3
148,Sarette,Radu,Sarette.Radu@yopmail.com,6
149,Tamqrah,Turne,Tamqrah.Turne@yopmail.com,6
100,Wileen,Fink,Wileen.Fink@yopmail.com,9
101,Angelique,Presber,Angelique.Presber@yopmail.com,10
102,Jacquetta,Tippets,Jacquetta.Tippets@yopmail.com,3
103,Corina,Fry,Corina.Fry@yopmail.com,2
104,Ekaterina,Barrus,Ekaterina.Barrus@yopmail.com,9
105,Albertina,Zamora,Albertina.Zamora@yopmail.com,9
106,Joleen,Eliathas,Joleen.Eliathas@yopmail.com,2
107,Amara,Joachim,Amara.Joachim@yopmail.com,1
108,Ana,Bennie,Ana.Bennie@yopmail.com,10
109,Jordan,Ochs,Jordan.Ochs@yopmail.com,7
110,Roseline,Parsaye,Roseline.Parsaye@yopmail.com,6
111,Lorenza,Noam,Lorenza.Noam@yopmail.com,5
112,Bobinette,Etom,Bobinette.Etom@yopmail.com,10
113,Molli,Kannry,Molli.Kannry@yopmail.com,7
114,Belva,Abbot,Belva.Abbot@yopmail.com,10
115,Misha,Schroth,Misha.Schroth@yopmail.com,1
116,Jeanna,Kazimir,Jeanna.Kazimir@yopmail.com,8
117,Merle,Belldas,Merle.Belldas@yopmail.com,1
118,Vere,Morehouse,Vere.Morehouse@yopmail.com,3
119,Dale,Gilmour,Dale.Gilmour@yopmail.com,10
120,Rebeca,Charity,Rebeca.Charity@yopmail.com,2
121,Leontine,Himelman,Leontine.Himelman@yopmail.com,5
122,Sheree,Standing,Sheree.Standing@yopmail.com,2
123,Rori,Luhe,Rori.Luhe@yopmail.com,7
124,Konstance,Haymes,Konstance.Haymes@yopmail.com,9
125,Joelly,Simmonds,Joelly.Simmonds@yopmail.com,7
126,Ida,Rocray,Ida.Rocray@yopmail.com,8
127,Kalina,Miru,Kalina.Miru@yopmail.com,5
128,Lenna,Tiffa,Lenna.Tiffa@yopmail.com,4
129,Moyna,Fiester,Moyna.Fiester@yopmail.com,10
130,Rochette,Rosalba,Rochette.Rosalba@yopmail.com,7
131,Therine,Ardeha,Therine.Ardeha@yopmail.com,10
132,Shandie,Dawkins,Shandie.Dawkins@yopmail.com,8
133,Alleen,Garek,Alleen.Garek@yopmail.com,9
134,Nadine,Dudley,Nadine.Dudley@yopmail.com,4
135,Dianemarie,Dearborn,Dianemarie.Dearborn@yopmail.com,4
136,Jolyn,Byrne,Jolyn.Byrne@yopmail.com,3
137,Cordi,Janene,Cordi.Janene@yopmail.com,9
138,Joleen,Maurine,Joleen.Maurine@yopmail.com,6
139,Renie,Monaco,Renie.Monaco@yopmail.com,6
140,Barbara,Whiffen,Barbara.Whiffen@yopmail.com,5
141,Kellen,Oscar,Kellen.Oscar@yopmail.com,8
142,Debee,Eno,Debee.Eno@yopmail.com,8
143,Nariko,Maribeth,Nariko.Maribeth@yopmail.com,4
144,Concettina,Boycey,Concettina.Boycey@yopmail.com,6
145,Leeanne,Sholley,Leeanne.Sholley@yopmail.com,10
146,Berta,Holtz,Berta.Holtz@yopmail.com,9
147,Stacey,Seessel,Stacey.Seessel@yopmail.com,3
148,Sarette,Radu,Sarette.Radu@yopmail.com,6
149,Tamqrah,Turne,Tamqrah.Turne@yopmail.com,6
100,Wileen,Fink,Wileen.Fink@yopmail.com,9
101,Angelique,Presber,Angelique.Presber@yopmail.com,10
102,Jacquetta,Tippets,Jacquetta.Tippets@yopmail.com,3
103,Corina,Fry,Corina.Fry@yopmail.com,2
104,Ekaterina,Barrus,Ekaterina.Barrus@yopmail.com,9
105,Albertina,Zamora,Albertina.Zamora@yopmail.com,9
106,Joleen,Eliathas,Joleen.Eliathas@yopmail.com,2
107,Amara,Joachim,Amara.Joachim@yopmail.com,1
108,Ana,Bennie,Ana.Bennie@yopmail.com,10
109,Jordan,Ochs,Jordan.Ochs@yopmail.com,7
110,Roseline,Parsaye,Roseline.Parsaye@yopmail.com,6
111,Lorenza,Noam,Lorenza.Noam@yopmail.com,5
112,Bobinette,Etom,Bobinette.Etom@yopmail.com,10
113,Molli,Kannry,Molli.Kannry@yopmail.com,7
114,Belva,Abbot,Belva.Abbot@yopmail.com,10
115,Misha,Schroth,Misha.Schroth@yopmail.com,1
116,Jeanna,Kazimir,Jeanna.Kazimir@yopmail.com,8
117,Merle,Belldas,Merle.Belldas@yopmail.com,1
118,Vere,Morehouse,Vere.Morehouse@yopmail.com,3
119,Dale,Gilmour,Dale.Gilmour@yopmail.com,10
120,Rebeca,Charity,Rebeca.Charity@yopmail.com,2
121,Leontine,Himelman,Leontine.Himelman@yopmail.com,5
122,Sheree,Standing,Sheree.Standing@yopmail.com,2
123,Rori,Luhe,Rori.Luhe@yopmail.com,7
124,Konstance,Haymes,Konstance.Haymes@yopmail.com,9
125,Joelly,Simmonds,Joelly.Simmonds@yopmail.com,7
126,Ida,Rocray,Ida.Rocray@yopmail.com,8
127,Kalina,Miru,Kalina.Miru@yopmail.com,5
128,Lenna,Tiffa,Lenna.Tiffa@yopmail.com,4
129,Moyna,Fiester,Moyna.Fiester@yopmail.com,10
130,Rochette,Rosalba,Rochette.Rosalba@yopmail.com,7
131,Therine,Ardeha,Therine.Ardeha@yopmail.com,10
132,Shandie,Dawkins,Shandie.Dawkins@yopmail.com,8
133,Alleen,Garek,Alleen.Garek@yopmail.com,9
134,Nadine,Dudley,Nadine.Dudley@yopmail.com,4
135,Dianemarie,Dearborn,Dianemarie.Dearborn@yopmail.com,4
136,Jolyn,Byrne,Jolyn.Byrne@yopmail.com,3
137,Cordi,Janene,Cordi.Janene@yopmail.com,9
138,Joleen,Maurine,Joleen.Maurine@yopmail.com,6
139,Renie,Monaco,Renie.Monaco@yopmail.com,6
140,Barbara,Whiffen,Barbara.Whiffen@yopmail.com,5
141,Kellen,Oscar,Kellen.Oscar@yopmail.com,8
142,Debee,Eno,Debee.Eno@yopmail.com,8
143,Nariko,Maribeth,Nariko.Maribeth@yopmail.com,4
144,Concettina,Boycey,Concettina.Boycey@yopmail.com,6
145,Leeanne,Sholley,Leeanne.Sholley@yopmail.com,10
146,Berta,Holtz,Berta.Holtz@yopmail.com,9
147,Stacey,Seessel,Stacey.Seessel@yopmail.com,3
148,Sarette,Radu,Sarette.Radu@yopmail.com,6
149,Tamqrah,Turne,Tamqrah.Turne@yopmail.com,6100,Wileen,Fink,Wileen.Fink@yopmail.com,9
101,Angelique,Presber,Angelique.Presber@yopmail.com,10
102,Jacquetta,Tippets,Jacquetta.Tippets@yopmail.com,3
103,Corina,Fry,Corina.Fry@yopmail.com,2
104,Ekaterina,Barrus,Ekaterina.Barrus@yopmail.com,9
105,Albertina,Zamora,Albertina.Zamora@yopmail.com,9
106,Joleen,Eliathas,Joleen.Eliathas@yopmail.com,2
107,Amara,Joachim,Amara.Joachim@yopmail.com,1
108,Ana,Bennie,Ana.Bennie@yopmail.com,10
109,Jordan,Ochs,Jordan.Ochs@yopmail.com,7
110,Roseline,Parsaye,Roseline.Parsaye@yopmail.com,6
111,Lorenza,Noam,Lorenza.Noam@yopmail.com,5
112,Bobinette,Etom,Bobinette.Etom@yopmail.com,10
113,Molli,Kannry,Molli.Kannry@yopmail.com,7
114,Belva,Abbot,Belva.Abbot@yopmail.com,10
115,Misha,Schroth,Misha.Schroth@yopmail.com,1
116,Jeanna,Kazimir,Jeanna.Kazimir@yopmail.com,8
117,Merle,Belldas,Merle.Belldas@yopmail.com,1
118,Vere,Morehouse,Vere.Morehouse@yopmail.com,3
119,Dale,Gilmour,Dale.Gilmour@yopmail.com,10
120,Rebeca,Charity,Rebeca.Charity@yopmail.com,2
121,Leontine,Himelman,Leontine.Himelman@yopmail.com,5
122,Sheree,Standing,Sheree.Standing@yopmail.com,2
123,Rori,Luhe,Rori.Luhe@yopmail.com,7
124,Konstance,Haymes,Konstance.Haymes@yopmail.com,9
125,Joelly,Simmonds,Joelly.Simmonds@yopmail.com,7
126,Ida,Rocray,Ida.Rocray@yopmail.com,8
127,Kalina,Miru,Kalina.Miru@yopmail.com,5
128,Lenna,Tiffa,Lenna.Tiffa@yopmail.com,4
129,Moyna,Fiester,Moyna.Fiester@yopmail.com,10
130,Rochette,Rosalba,Rochette.Rosalba@yopmail.com,7
131,Therine,Ardeha,Therine.Ardeha@yopmail.com,10
132,Shandie,Dawkins,Shandie.Dawkins@yopmail.com,8
133,Alleen,Garek,Alleen.Garek@yopmail.com,9
134,Nadine,Dudley,Nadine.Dudley@yopmail.com,4
135,Dianemarie,Dearborn,Dianemarie.Dearborn@yopmail.com,4
136,Jolyn,Byrne,Jolyn.Byrne@yopmail.com,3
137,Cordi,Janene,Cordi.Janene@yopmail.com,9
138,Joleen,Maurine,Joleen.Maurine@yopmail.com,6
139,Renie,Monaco,Renie.Monaco@yopmail.com,6
140,Barbara,Whiffen,Barbara.Whiffen@yopmail.com,5
141,Kellen,Oscar,Kellen.Oscar@yopmail.com,8
142,Debee,Eno,Debee.Eno@yopmail.com,8
143,Nariko,Maribeth,Nariko.Maribeth@yopmail.com,4
144,Concettina,Boycey,Concettina.Boycey@yopmail.com,6
145,Leeanne,Sholley,Leeanne.Sholley@yopmail.com,10
146,Berta,Holtz,Berta.Holtz@yopmail.com,9
147,Stacey,Seessel,Stacey.Seessel@yopmail.com,3
148,Sarette,Radu,Sarette.Radu@yopmail.com,6
149,Tamqrah,Turne,Tamqrah.Turne@yopmail.com,6100,Wileen,Fink,Wileen.Fink@yopmail.com,9
101,Angelique,Presber,Angelique.Presber@yopmail.com,10
102,Jacquetta,Tippets,Jacquetta.Tippets@yopmail.com,3
103,Corina,Fry,Corina.Fry@yopmail.com,2
104,Ekaterina,Barrus,Ekaterina.Barrus@yopmail.com,9
105,Albertina,Zamora,Albertina.Zamora@yopmail.com,9
106,Joleen,Eliathas,Joleen.Eliathas@yopmail.com,2
107,Amara,Joachim,Amara.Joachim@yopmail.com,1
108,Ana,Bennie,Ana.Bennie@yopmail.com,10
109,Jordan,Ochs,Jordan.Ochs@yopmail.com,7
110,Roseline,Parsaye,Roseline.Parsaye@yopmail.com,6
111,Lorenza,Noam,Lorenza.Noam@yopmail.com,5
112,Bobinette,Etom,Bobinette.Etom@yopmail.com,10
113,Molli,Kannry,Molli.Kannry@yopmail.com,7
114,Belva,Abbot,Belva.Abbot@yopmail.com,10
115,Misha,Schroth,Misha.Schroth@yopmail.com,1
116,Jeanna,Kazimir,Jeanna.Kazimir@yopmail.com,8
117,Merle,Belldas,Merle.Belldas@yopmail.com,1
118,Vere,Morehouse,Vere.Morehouse@yopmail.com,3
119,Dale,Gilmour,Dale.Gilmour@yopmail.com,10
120,Rebeca,Charity,Rebeca.Charity@yopmail.com,2
121,Leontine,Himelman,Leontine.Himelman@yopmail.com,5
122,Sheree,Standing,Sheree.Standing@yopmail.com,2
123,Rori,Luhe,Rori.Luhe@yopmail.com,7
124,Konstance,Haymes,Konstance.Haymes@yopmail.com,9
125,Joelly,Simmonds,Joelly.Simmonds@yopmail.com,7
126,Ida,Rocray,Ida.Rocray@yopmail.com,8
127,Kalina,Miru,Kalina.Miru@yopmail.com,5
128,Lenna,Tiffa,Lenna.Tiffa@yopmail.com,4
129,Moyna,Fiester,Moyna.Fiester@yopmail.com,10
130,Rochette,Rosalba,Rochette.Rosalba@yopmail.com,7
131,Therine,Ardeha,Therine.Ardeha@yopmail.com,10
132,Shandie,Dawkins,Shandie.Dawkins@yopmail.com,8
133,Alleen,Garek,Alleen.Garek@yopmail.com,9
134,Nadine,Dudley,Nadine.Dudley@yopmail.com,4
135,Dianemarie,Dearborn,Dianemarie.Dearborn@yopmail.com,4
136,Jolyn,Byrne,Jolyn.Byrne@yopmail.com,3
137,Cordi,Janene,Cordi.Janene@yopmail.com,9
138,Joleen,Maurine,Joleen.Maurine@yopmail.com,6
139,Renie,Monaco,Renie.Monaco@yopmail.com,6
140,Barbara,Whiffen,Barbara.Whiffen@yopmail.com,5
141,Kellen,Oscar,Kellen.Oscar@yopmail.com,8
142,Debee,Eno,Debee.Eno@yopmail.com,8
143,Nariko,Maribeth,Nariko.Maribeth@yopmail.com,4
144,Concettina,Boycey,Concettina.Boycey@yopmail.com,6
145,Leeanne,Sholley,Leeanne.Sholley@yopmail.com,10
146,Berta,Holtz,Berta.Holtz@yopmail.com,9
147,Stacey,Seessel,Stacey.Seessel@yopmail.com,3
148,Sarette,Radu,Sarette.Radu@yopmail.com,6
149,Tamqrah,Turne,Tamqrah.Turne@yopmail.com,6100,Wileen,Fink,Wileen.Fink@yopmail.com,9
101,Angelique,Presber,Angelique.Presber@yopmail.com,10
102,Jacquetta,Tippets,Jacquetta.Tippets@yopmail.com,3
103,Corina,Fry,Corina.Fry@yopmail.com,2
104,Ekaterina,Barrus,Ekaterina.Barrus@yopmail.com,9
105,Albertina,Zamora,Albertina.Zamora@yopmail.com,9